,filename,speaker,meanF0,stdevF0,hnr,localJitter,localabsoluteJitter,rapJitter,ppq5Jitter,ddpJitter,localShimmer,localdbShimmer,apq3Shimmer,apq5Shimmer,apq11Shimmer,ddaShimmer
0,daniel_2185_unconventional-oil_pro_opening,daniel,111.10332946843664,44.545870001531334,8.730089239007448,0.024472258676272802,0.00022170672007787497,0.010325623670742747,0.012623455493582167,0.030976871012228242,0.12862023062592084,1.1931453725141457,0.0497079071400766,0.0754520314481939,0.13864076049084817,0.14912372142022978
