,filename,speaker,meanF0,stdevF0,hnr,localJitter,localabsoluteJitter,rapJitter,ppq5Jitter,ddpJitter,localShimmer,localdbShimmer,apq3Shimmer,apq5Shimmer,apq11Shimmer,ddaShimmer
0,daniel_2526_double-jeopardy_pro_opening,daniel,129.89367818574857,37.77005112673824,8.873917113204387,0.02384356742164302,0.00018412650197071673,0.010020514698047439,0.011998383929327314,0.030061544094142315,0.12561633536819797,1.1859899136484684,0.047696317719659743,0.0725996803620107,0.13582313608025734,0.14308895315897924
