,filename,speaker,meanF0,stdevF0,hnr,localJitter,localabsoluteJitter,rapJitter,ppq5Jitter,ddpJitter,localShimmer,localdbShimmer,apq3Shimmer,apq5Shimmer,apq11Shimmer,ddaShimmer
0,daniel_1542_libertarian_pro_opening,daniel,145.0606269840418,48.749090504050386,11.384231691021782,0.022441782573244636,0.00015559524080408738,0.009927436748588465,0.011832809455450682,0.029782310245765393,0.13418000093065124,1.2416993680945887,0.051771184543069455,0.07945913158464799,0.14214512878018876,0.15531355362920837
