,filename,speaker,meanF0,stdevF0,hnr,localJitter,localabsoluteJitter,rapJitter,ppq5Jitter,ddpJitter,localShimmer,localdbShimmer,apq3Shimmer,apq5Shimmer,apq11Shimmer,ddaShimmer
0,daniel_3192_compulsory-voting_pro_opening,daniel,138.156529102294,42.670302390774715,9.642636238826624,0.022058197632565404,0.0001601489843516382,0.009386285275116644,0.01124694844388846,0.02815885582534993,0.12345291759715608,1.1649471397741848,0.0472430002157142,0.07160697639314602,0.12980426847903084,0.14172900064714258
