,filename,speaker,meanF0,stdevF0,hnr,localJitter,localabsoluteJitter,rapJitter,ppq5Jitter,ddpJitter,localShimmer,localdbShimmer,apq3Shimmer,apq5Shimmer,apq11Shimmer,ddaShimmer
0,daniel_2402_guantanamo_pro_opening,daniel,121.14833627650721,56.47550037074755,10.519480584833028,0.02176577018945898,0.00018190542160386066,0.009260528362384269,0.01068570714804906,0.027781585087152807,0.13609768604096617,1.2347353494706226,0.057285837198914245,0.07932608241438581,0.1352559269145178,0.17185751159674273
