,filename,speaker,meanF0,stdevF0,hnr,localJitter,localabsoluteJitter,rapJitter,ppq5Jitter,ddpJitter,localShimmer,localdbShimmer,apq3Shimmer,apq5Shimmer,apq11Shimmer,ddaShimmer
0,daniel_3191_recall-elections_con_opening_tim,daniel,137.73128299271653,40.488857542601984,10.029768556758262,0.02023757733663855,0.00014750610135467863,0.00884529545438372,0.010386162859615647,0.026535886363151157,0.12427351288623623,1.1804217898806408,0.04789405699635331,0.07287922878498597,0.1341381683914216,0.14368217098905994
