,filename,speaker,meanF0,stdevF0,hnr,localJitter,localabsoluteJitter,rapJitter,ppq5Jitter,ddpJitter,localShimmer,localdbShimmer,apq3Shimmer,apq5Shimmer,apq11Shimmer,ddaShimmer
0,daniel_1243_three-strikes_con_opening_yaar,daniel,133.77322143633413,51.234124106601385,8.706569584166273,0.024684285950935397,0.00018564580851769254,0.010206507048899924,0.012256092482871564,0.030619521146699774,0.1288961395606595,1.1982163552772391,0.050279497497369395,0.07382936290746941,0.12870140429683521,0.15083849249210818
