,filename,speaker,meanF0,stdevF0,hnr,localJitter,localabsoluteJitter,rapJitter,ppq5Jitter,ddpJitter,localShimmer,localdbShimmer,apq3Shimmer,apq5Shimmer,apq11Shimmer,ddaShimmer
0,daniel_2481_fraternities_con_opening_james,daniel,121.97421465619172,36.46860702392054,8.417880609414512,0.024009568571249657,0.00019758184165959402,0.010576701965850388,0.013087153483853323,0.03173010589755117,0.15032163096367684,1.3580833529583352,0.061468320602821494,0.08993385131096215,0.1529999935625028,0.1844049618084645
