,filename,speaker,meanF0,stdevF0,hnr,localJitter,localabsoluteJitter,rapJitter,ppq5Jitter,ddpJitter,localShimmer,localdbShimmer,apq3Shimmer,apq5Shimmer,apq11Shimmer,ddaShimmer
0,daniel_3182_universal-health-care_pro_opening,daniel,124.218387656988,61.13405116828038,10.252962907304937,0.024608438460256524,0.00020131068808380365,0.011158832956525722,0.012587334635114248,0.03347649886957717,0.13738500928101036,1.2647690739588244,0.05680095576172897,0.08245635328160017,0.14408878315339105,0.17040286728518692
