,filename,speaker,meanF0,stdevF0,hnr,localJitter,localabsoluteJitter,rapJitter,ppq5Jitter,ddpJitter,localShimmer,localdbShimmer,apq3Shimmer,apq5Shimmer,apq11Shimmer,ddaShimmer
0,daniel_3184_internet-censorship_pro_opening,daniel,125.72402089999149,53.32679196365515,10.770097527915679,0.02312790308698654,0.0001856751719167888,0.010118760215725206,0.011701873603792353,0.030356280647175618,0.13629963058805034,1.2415636512144341,0.05436603842407753,0.08160967944051771,0.14380183652955783,0.16309811527223259
