,filename,speaker,meanF0,stdevF0,hnr,localJitter,localabsoluteJitter,rapJitter,ppq5Jitter,ddpJitter,localShimmer,localdbShimmer,apq3Shimmer,apq5Shimmer,apq11Shimmer,ddaShimmer
0,daniel_221_ban-gambling_con_opening_yaar,daniel,135.0304393110761,45.05929127017126,9.735562032861658,0.02438391077977388,0.00018141678692786857,0.010700935585618899,0.012475098464646658,0.0321028067568567,0.1221562468787766,1.1514224313718637,0.047271130694861274,0.07118858607226902,0.1260966204483927,0.14181339208458382
