,filename,speaker,meanF0,stdevF0,hnr,localJitter,localabsoluteJitter,rapJitter,ppq5Jitter,ddpJitter,localShimmer,localdbShimmer,apq3Shimmer,apq5Shimmer,apq11Shimmer,ddaShimmer
0,daniel_1161_cosmetic-surgery_pro_opening,daniel,118.86951752435995,49.997785625881946,8.231205661450755,0.0243677804646799,0.00020780823525962336,0.010469593983614694,0.012840345570143087,0.03140878195084408,0.14205476791104324,1.2513511674288011,0.059151831435994694,0.08751673892631928,0.1536551594224588,0.17745549430798407
