,filename,speaker,meanF0,stdevF0,hnr,localJitter,localabsoluteJitter,rapJitter,ppq5Jitter,ddpJitter,localShimmer,localdbShimmer,apq3Shimmer,apq5Shimmer,apq11Shimmer,ddaShimmer
0,daniel_1187_cannabis_pro_opening,daniel,153.51806963470997,44.12487199669414,9.311792726988093,0.023947018499647196,0.00015651964512374033,0.01048490061322887,0.012686882355878207,0.031454701839686613,0.13494681898840516,1.2457141024613612,0.05181385200656138,0.07934779329974873,0.14118726484260632,0.15544155601968412
