,filename,speaker,meanF0,stdevF0,hnr,localJitter,localabsoluteJitter,rapJitter,ppq5Jitter,ddpJitter,localShimmer,localdbShimmer,apq3Shimmer,apq5Shimmer,apq11Shimmer,ddaShimmer
0,daniel_81_physical-education_con_opening_james,daniel,135.90739966739443,44.30533063727803,9.486133467442489,0.023496457086594934,0.00017346974350693664,0.009917901941301984,0.011988523922786667,0.029753705823905952,0.12619411017673982,1.1713583269002705,0.049445988294134297,0.07344015917416835,0.1336521635918062,0.1483379648824029
