,filename,speaker,meanF0,stdevF0,hnr,localJitter,localabsoluteJitter,rapJitter,ppq5Jitter,ddpJitter,localShimmer,localdbShimmer,apq3Shimmer,apq5Shimmer,apq11Shimmer,ddaShimmer
0,daniel_1661_school-uniforms_pro_opening,daniel,116.20221078029385,37.783036440705615,9.507900374559167,0.020265311695639127,0.00017512606629583653,0.00832347618684182,0.010151670165388644,0.02497042856052546,0.11541388465858686,1.102055024220424,0.04391024997831917,0.06601068900162405,0.12487591888519975,0.1317307499349575
