,filename,speaker,meanF0,stdevF0,hnr,localJitter,localabsoluteJitter,rapJitter,ppq5Jitter,ddpJitter,localShimmer,localdbShimmer,apq3Shimmer,apq5Shimmer,apq11Shimmer,ddaShimmer
0,daniel_221_ban-gambling_pro_opening,daniel,132.69415643960167,43.96625885199704,9.667256354183602,0.02429828420060909,0.00018415442229408838,0.01022577995830244,0.012319641092798402,0.030677339874907318,0.12643877857077376,1.183888778074648,0.04773885849697167,0.07335389216362301,0.13348960694286147,0.143216575490915
