,filename,speaker,meanF0,stdevF0,hnr,localJitter,localabsoluteJitter,rapJitter,ppq5Jitter,ddpJitter,localShimmer,localdbShimmer,apq3Shimmer,apq5Shimmer,apq11Shimmer,ddaShimmer
0,daniel_1250_transfat_pro_opening,daniel,152.79041383188311,50.73187425508531,9.328697966571957,0.025101697989247905,0.00016495388028066072,0.010652890484591688,0.012844311006866184,0.03195867145377507,0.1309255473642615,1.2127791209752132,0.052525492842281786,0.07781921656557281,0.1357025543104249,0.15757647852684536
