,filename,speaker,meanF0,stdevF0,hnr,localJitter,localabsoluteJitter,rapJitter,ppq5Jitter,ddpJitter,localShimmer,localdbShimmer,apq3Shimmer,apq5Shimmer,apq11Shimmer,ddaShimmer
0,daniel_683_windpower_con_opening_will,daniel,134.6264582979422,38.709867187361894,10.764984285941326,0.01845612813261266,0.00013742633149603617,0.008034591737839252,0.009633421548806457,0.024103775213517756,0.12191697850225768,1.1617237739264255,0.04681575176020983,0.07113968967200811,0.12802330041167292,0.14044725528062948
