,filename,speaker,meanF0,stdevF0,hnr,localJitter,localabsoluteJitter,rapJitter,ppq5Jitter,ddpJitter,localShimmer,localdbShimmer,apq3Shimmer,apq5Shimmer,apq11Shimmer,ddaShimmer
0,daniel_2502_drinking-age_pro_opening,daniel,139.9737933479982,43.89541007241954,9.453806156479827,0.025145499452792094,0.00018041428038371828,0.010738668177365015,0.012949194010784726,0.03221600453209504,0.13089912136041199,1.2225578956325125,0.05016687965441055,0.07644097420533576,0.13687636628395064,0.15050063896323165
