,filename,speaker,meanF0,stdevF0,hnr,localJitter,localabsoluteJitter,rapJitter,ppq5Jitter,ddpJitter,localShimmer,localdbShimmer,apq3Shimmer,apq5Shimmer,apq11Shimmer,ddaShimmer
0,daniel_1346_biofuels_pro_opening,daniel,119.70838200875646,41.26748487288214,9.72446163532821,0.0236228167930083,0.00019843078362609173,0.01021118138297482,0.01202140847653149,0.03063354414892446,0.12267351421085035,1.1449603085346667,0.04583796374511082,0.07129005459549365,0.13263929283217296,0.13751389123533247
