,filename,speaker,meanF0,stdevF0,hnr,localJitter,localabsoluteJitter,rapJitter,ppq5Jitter,ddpJitter,localShimmer,localdbShimmer,apq3Shimmer,apq5Shimmer,apq11Shimmer,ddaShimmer
0,eitan_926_asean_con_opening_yaar,eitan,139.12519873520594,55.58055299585458,11.296884967221377,0.025541427464772525,0.00018634795282815327,0.008427871073325351,0.010969939759376728,0.025283613219976055,0.11464114531432848,1.0279729889748952,0.03913788590750064,0.06044341547750615,0.11382275642982646,0.11741365772250192
