,filename,speaker,meanF0,stdevF0,hnr,localJitter,localabsoluteJitter,rapJitter,ppq5Jitter,ddpJitter,localShimmer,localdbShimmer,apq3Shimmer,apq5Shimmer,apq11Shimmer,ddaShimmer
0,eitan_1322_beauty-pageants_pro_opening,eitan,147.83099273884818,58.8553438589333,11.58585268958789,0.025208037235289863,0.00017308534871213305,0.008739506869147574,0.011254529090803432,0.026218520607442723,0.11600329445379154,1.0582217562611382,0.03929633748367109,0.061432879737707315,0.11036321015868367,0.11788901245101327
