,filename,speaker,meanF0,stdevF0,hnr,localJitter,localabsoluteJitter,rapJitter,ppq5Jitter,ddpJitter,localShimmer,localdbShimmer,apq3Shimmer,apq5Shimmer,apq11Shimmer,ddaShimmer
0,hayah_642_partial-birth-abortions_con_opening_james,hayah,163.70704698864327,70.92202810455011,11.383706954301562,0.026379216528962645,0.0001615978750657512,0.01172701743367922,0.01098349980913676,0.03518105230103766,0.10099682438092242,0.937991279002846,0.03233553552798825,0.0441371086255979,0.0875435752102335,0.09700660658396475
