,filename,speaker,meanF0,stdevF0,hnr,localJitter,localabsoluteJitter,rapJitter,ppq5Jitter,ddpJitter,localShimmer,localdbShimmer,apq3Shimmer,apq5Shimmer,apq11Shimmer,ddaShimmer
0,hayah_3192_compulsory-voting_con_opening_james,hayah,197.93048158154022,63.1887398370116,12.361399859818825,0.02270697409949381,0.00011511691626497755,0.009016679962722903,0.00899473377096172,0.02705003988816871,0.09384148156827653,0.9045699816547284,0.02835738254244169,0.042156981343717,0.08722510779338757,0.08507214762732507
