,filename,speaker,meanF0,stdevF0,hnr,localJitter,localabsoluteJitter,rapJitter,ppq5Jitter,ddpJitter,localShimmer,localdbShimmer,apq3Shimmer,apq5Shimmer,apq11Shimmer,ddaShimmer
0,hayah_683_windpower_pro_opening,hayah,170.29646969952606,61.99267164965692,11.21204649244333,0.027441740569132875,0.00016121305378325864,0.012288250889556877,0.011759399077112185,0.03686475266867063,0.09889266130829055,0.9439677083081344,0.030028690227166654,0.04189597809891689,0.08738335116126524,0.09008607068149996
