,filename,speaker,meanF0,stdevF0,hnr,localJitter,localabsoluteJitter,rapJitter,ppq5Jitter,ddpJitter,localShimmer,localdbShimmer,apq3Shimmer,apq5Shimmer,apq11Shimmer,ddaShimmer
0,hayah_681_ip-rights_pro_opening,hayah,178.06043697812476,52.235198234513646,11.563167013859472,0.023393318859955926,0.00013192382650920406,0.010061022939644974,0.009325552425212798,0.03018306881893492,0.09872256720664652,0.9260027786937388,0.029257316688626335,0.04360567756905033,0.09334753260969664,0.08777195006587901
