,filename,speaker,meanF0,stdevF0,hnr,localJitter,localabsoluteJitter,rapJitter,ppq5Jitter,ddpJitter,localShimmer,localdbShimmer,apq3Shimmer,apq5Shimmer,apq11Shimmer,ddaShimmer
0,james_2502_drinking-age_pro_opening,james,150.93555932719576,58.35216648040124,5.868718141556179,0.01879998948009119,0.00012555816001353287,0.007532577938468098,0.008566867151233148,0.022597733815404294,0.1491524675029156,1.3437278295655863,0.07291797011618525,0.08474789564289599,0.11883282964124911,0.21875391034855576
