,filename,speaker,meanF0,stdevF0,hnr,localJitter,localabsoluteJitter,rapJitter,ppq5Jitter,ddpJitter,localShimmer,localdbShimmer,apq3Shimmer,apq5Shimmer,apq11Shimmer,ddaShimmer
0,james_2488_un-veto_pro_opening,james,131.6660867172345,33.17963317497253,8.005493563920021,0.02362727446937829,0.00018033165287608915,0.00899964087225628,0.00987979081445583,0.026998922616768842,0.10836146726953193,0.9419859179242264,0.03447277822333653,0.05331191539329099,0.10249131366872101,0.1034183346700096
