,filename,speaker,meanF0,stdevF0,hnr,localJitter,localabsoluteJitter,rapJitter,ppq5Jitter,ddpJitter,localShimmer,localdbShimmer,apq3Shimmer,apq5Shimmer,apq11Shimmer,ddaShimmer
0,james_2486_electoral-college_pro_opening,james,137.83697346077835,41.83249809420175,6.754712798943662,0.024129825705989226,0.00017627951448589635,0.009405646476998179,0.010454176616158252,0.028216939430994535,0.1129707144767324,1.0001375870830518,0.0387425236005614,0.057724826795281896,0.10713445910291777,0.1162275708016842
