,filename,speaker,meanF0,stdevF0,hnr,localJitter,localabsoluteJitter,rapJitter,ppq5Jitter,ddpJitter,localShimmer,localdbShimmer,apq3Shimmer,apq5Shimmer,apq11Shimmer,ddaShimmer
0,james_3175_abstinence-only_pro_opening,james,149.98693706161728,58.01942920954899,5.424528753611395,0.018922690309909507,0.00012732865493151536,0.007680781802809481,0.0087370366951082,0.023042345408428443,0.15212269237108825,1.3717490818227616,0.07504069133976338,0.08461411452427493,0.12386717285991498,0.22512207401929013
