,filename,speaker,meanF0,stdevF0,hnr,localJitter,localabsoluteJitter,rapJitter,ppq5Jitter,ddpJitter,localShimmer,localdbShimmer,apq3Shimmer,apq5Shimmer,apq11Shimmer,ddaShimmer
0,james_1661_school-uniforms_pro_opening,james,127.95405200274281,33.64906908756106,7.056032679209273,0.026605554900554038,0.00020920678557397802,0.010877489497937088,0.011722420185234242,0.03263246849381127,0.11492574122035933,1.0121689721886327,0.03532920986394869,0.053821172529282625,0.1083226188336668,0.10598762959184607
