,filename,speaker,meanF0,stdevF0,hnr,localJitter,localabsoluteJitter,rapJitter,ppq5Jitter,ddpJitter,localShimmer,localdbShimmer,apq3Shimmer,apq5Shimmer,apq11Shimmer,ddaShimmer
0,james_3178_covenant-marriage_pro_opening,james,148.22706382797475,52.98225569175892,5.439874967100689,0.017320911837102052,0.0001176008405387267,0.0070440709696155315,0.007776622343717073,0.021132212908846593,0.1527936021227555,1.3760436953896737,0.07577303916168308,0.08333039750623412,0.11668929630882027,0.22731911748504924
