,filename,speaker,meanF0,stdevF0,hnr,localJitter,localabsoluteJitter,rapJitter,ppq5Jitter,ddpJitter,localShimmer,localdbShimmer,apq3Shimmer,apq5Shimmer,apq11Shimmer,ddaShimmer
0,james_1346_biofuels_con_opening_rachel,james,128.6296886531794,31.589024677556054,7.303062860931626,0.02663551710230267,0.00020806875705568905,0.011440028883898225,0.011415676468221517,0.03432008665169468,0.10995933339272371,0.9603146861935821,0.03815381052811257,0.05414371189100439,0.09973694664536813,0.11446143158433772
