,filename,speaker,meanF0,stdevF0,hnr,localJitter,localabsoluteJitter,rapJitter,ppq5Jitter,ddpJitter,localShimmer,localdbShimmer,apq3Shimmer,apq5Shimmer,apq11Shimmer,ddaShimmer
0,james_1264_human-cloning_pro_opening,james,219.1299963456469,141.8391306010255,3.9456651326330725,0.025923461130661987,0.00013125006336781045,0.011121904094940526,0.01236153313798071,0.033365712284821575,0.1894779049095894,1.610823660278078,0.10684898670967452,0.11146078596973535,0.13755812070837858,0.32054696012902356
