,filename,speaker,meanF0,stdevF0,hnr,localJitter,localabsoluteJitter,rapJitter,ppq5Jitter,ddpJitter,localShimmer,localdbShimmer,apq3Shimmer,apq5Shimmer,apq11Shimmer,ddaShimmer
0,james_381_monarchy_pro_opening,james,130.41857018892125,30.815007085154736,7.447992666581207,0.024623615092900192,0.00018947673005340732,0.010357702025148838,0.011806795189425866,0.031073106075446513,0.11760635009723112,1.0590313775510014,0.03817697378607281,0.058375927443319715,0.11036622161466465,0.11453092135821842
