,filename,speaker,meanF0,stdevF0,hnr,localJitter,localabsoluteJitter,rapJitter,ppq5Jitter,ddpJitter,localShimmer,localdbShimmer,apq3Shimmer,apq5Shimmer,apq11Shimmer,ddaShimmer
0,james_3162_multiculturalism_con_opening_will,james,158.90638673447268,89.64334478679902,4.214286790531712,0.01740675239525946,0.00011321334270021067,0.00713998867978696,0.008316468296754271,0.02141996603936088,0.14434987017053316,1.2866053224805631,0.07477026677874132,0.07607555687415556,0.10764641177539905,0.22431080033622397
