,filename,speaker,meanF0,stdevF0,hnr,localJitter,localabsoluteJitter,rapJitter,ppq5Jitter,ddpJitter,localShimmer,localdbShimmer,apq3Shimmer,apq5Shimmer,apq11Shimmer,ddaShimmer
0,james_1243_three-strikes_con_opening_will,james,137.46460729059962,36.55729603686538,7.442311778208165,0.02279558984401948,0.00016668776039150415,0.009280777634351534,0.010013159373358315,0.0278423329030546,0.10611853008496999,0.9752942386568509,0.036673925043663284,0.05323629210416373,0.10198048580640154,0.11002177513098985
