,filename,speaker,meanF0,stdevF0,hnr,localJitter,localabsoluteJitter,rapJitter,ppq5Jitter,ddpJitter,localShimmer,localdbShimmer,apq3Shimmer,apq5Shimmer,apq11Shimmer,ddaShimmer
0,james_1961_sex-education_pro_opening,james,199.63974270000747,125.28388553231576,3.8933696194114815,0.029104787484193317,0.0001583368137032438,0.012938625917285973,0.013612376637218699,0.03881587775185792,0.19376308296129802,1.6086813046953945,0.10997973057095024,0.11489932690583834,0.16383803991571538,0.32993919171285074
