,filename,speaker,meanF0,stdevF0,hnr,localJitter,localabsoluteJitter,rapJitter,ppq5Jitter,ddpJitter,localShimmer,localdbShimmer,apq3Shimmer,apq5Shimmer,apq11Shimmer,ddaShimmer
0,james_2483_anonymous-posts_pro_opening,james,138.4796240187929,36.86472186388671,7.528473076877428,0.02207212434821312,0.0001604181768234378,0.008478955662244787,0.00969059974804058,0.02543686698673436,0.1185157997679136,1.10821622513288,0.045856872291107124,0.059366054226935604,0.10585306774483123,0.13757061687332137
