,filename,speaker,meanF0,stdevF0,hnr,localJitter,localabsoluteJitter,rapJitter,ppq5Jitter,ddpJitter,localShimmer,localdbShimmer,apq3Shimmer,apq5Shimmer,apq11Shimmer,ddaShimmer
0,james_3183_racial-profiling_pro_opening,james,137.48638023693874,47.92914001174794,7.964338427942697,0.02306374611550577,0.0001692084734584277,0.008829618288934162,0.00922180994052575,0.026488854866802487,0.10785051392150091,0.9569231748716006,0.035415388658496506,0.05213127937242588,0.10355514380487482,0.10624616597548953
