,filename,speaker,meanF0,stdevF0,hnr,localJitter,localabsoluteJitter,rapJitter,ppq5Jitter,ddpJitter,localShimmer,localdbShimmer,apq3Shimmer,apq5Shimmer,apq11Shimmer,ddaShimmer
0,james_81_physical-education_con_opening_will,james,139.20862905544232,41.432694386624036,7.107330006431905,0.023864490052188072,0.0001725458864607075,0.009445600848685554,0.01010894807620355,0.028336802546056663,0.11468169492077215,1.0214835851539146,0.03798445800448597,0.05525926935579737,0.10054942269519697,0.11395337401345793
