,filename,speaker,meanF0,stdevF0,hnr,localJitter,localabsoluteJitter,rapJitter,ppq5Jitter,ddpJitter,localShimmer,localdbShimmer,apq3Shimmer,apq5Shimmer,apq11Shimmer,ddaShimmer
0,james_986_polygamy_pro_opening,james,189.8660410739319,129.86149140538728,4.504490386400138,0.032762233856517955,0.00019188558367372782,0.014336320959830432,0.01580960368953711,0.0430089628794913,0.16218765572123872,1.4163642138817347,0.07383018918431158,0.08227989654271618,0.10562367704043624,0.22149056755293475
