,filename,speaker,meanF0,stdevF0,hnr,localJitter,localabsoluteJitter,rapJitter,ppq5Jitter,ddpJitter,localShimmer,localdbShimmer,apq3Shimmer,apq5Shimmer,apq11Shimmer,ddaShimmer
0,james_926_asean_con_opening_tim,james,209.31053690807803,134.38850581975998,3.800144857917326,0.025163990970842577,0.00013099912630970626,0.011194270098402168,0.012084438098444368,0.0335828102952065,0.17406084610162084,1.5007894559568729,0.09499823375515792,0.10409869357684205,0.14694730640321874,0.28499470126547377
