,filename,speaker,meanF0,stdevF0,hnr,localJitter,localabsoluteJitter,rapJitter,ppq5Jitter,ddpJitter,localShimmer,localdbShimmer,apq3Shimmer,apq5Shimmer,apq11Shimmer,ddaShimmer
0,james_1103_anti-social_pro_opening,james,129.52482117354933,43.880438955203296,7.08294377336725,0.028058318850550427,0.00021851884925019806,0.011263587520214538,0.012450154486535643,0.03379076256064362,0.12260840736409165,1.0741047027281598,0.04120873880451183,0.0597927672209871,0.11724749237961778,0.12362621641353548
