,filename,speaker,meanF0,stdevF0,hnr,localJitter,localabsoluteJitter,rapJitter,ppq5Jitter,ddpJitter,localShimmer,localdbShimmer,apq3Shimmer,apq5Shimmer,apq11Shimmer,ddaShimmer
0,james_994_hydroelectric-dams_pro_opening,james,178.46534145269618,112.90838545695445,3.988010622102209,0.021911989677402904,0.0001319048798297403,0.009450803090539708,0.01116502317953573,0.028352409271619125,0.17123817578169848,1.475913291883151,0.09283796765870202,0.09506934715333008,0.12614534247728426,0.27851390297610606
