,filename,speaker,meanF0,stdevF0,hnr,localJitter,localabsoluteJitter,rapJitter,ppq5Jitter,ddpJitter,localShimmer,localdbShimmer,apq3Shimmer,apq5Shimmer,apq11Shimmer,ddaShimmer
0,james_3168_year-round-school_pro_opening,james,132.62280066667088,34.01277197893027,7.060511610653592,0.022310399863177975,0.00016926720669709907,0.008686903963877095,0.00953130465427026,0.026060711891631286,0.12000398690516463,1.1070102985854473,0.044903386211666146,0.058902237930133716,0.11129427630541548,0.13471015863499844
