,filename,speaker,meanF0,stdevF0,hnr,localJitter,localabsoluteJitter,rapJitter,ppq5Jitter,ddpJitter,localShimmer,localdbShimmer,apq3Shimmer,apq5Shimmer,apq11Shimmer,ddaShimmer
0,james_2559_nato_pro_opening,james,130.8754802765725,34.17760809564821,6.824442220730309,0.026428606435047748,0.0002031063360696898,0.011344287991087483,0.01186457847716676,0.034032863973262446,0.11328819866063602,1.011344503917047,0.03812749931082251,0.05635373871263466,0.10869004210323699,0.11438249793246752
