,filename,speaker,meanF0,stdevF0,hnr,localJitter,localabsoluteJitter,rapJitter,ppq5Jitter,ddpJitter,localShimmer,localdbShimmer,apq3Shimmer,apq5Shimmer,apq11Shimmer,ddaShimmer
0,james_642_partial-birth-abortions_pro_opening,james,314.4931850544841,165.33575173761886,4.448247648835832,0.05562632914689999,0.00019986954408056715,0.028126106318865217,0.031043099067197908,0.08437831895659564,0.2225138761914285,1.7886029783563717,0.11811012579015537,0.13163492671040006,0.09198535568820308,0.35433037737046613
