,filename,speaker,meanF0,stdevF0,hnr,localJitter,localabsoluteJitter,rapJitter,ppq5Jitter,ddpJitter,localShimmer,localdbShimmer,apq3Shimmer,apq5Shimmer,apq11Shimmer,ddaShimmer
0,james_2559_nato_con_opening_yaar,james,201.59472139664388,137.96587519436235,6.339726303339669,0.03717987128021147,0.00020556619998497285,0.017062850933005812,0.018814290888917288,0.051188552799017434,0.16443135221734148,1.4349707047433897,0.07376273269928346,0.08563304305469767,0.12220012923667695,0.22128819809785039
