,filename,speaker,meanF0,stdevF0,hnr,localJitter,localabsoluteJitter,rapJitter,ppq5Jitter,ddpJitter,localShimmer,localdbShimmer,apq3Shimmer,apq5Shimmer,apq11Shimmer,ddaShimmer
0,james_1963_bullfighting_pro_opening,james,133.98189619779424,41.027794327059105,7.0240694068368725,0.023989080530233627,0.00018033013388937542,0.00971362080527099,0.010798621554172449,0.02914086241581297,0.11093873664243019,0.9672561551865535,0.03958972131479263,0.05667880952676734,0.10077669843347287,0.11876916394437789
