,filename,speaker,meanF0,stdevF0,hnr,localJitter,localabsoluteJitter,rapJitter,ppq5Jitter,ddpJitter,localShimmer,localdbShimmer,apq3Shimmer,apq5Shimmer,apq11Shimmer,ddaShimmer
0,james_1401_vegetarianism_pro_opening,james,137.7756941982644,41.62650434955212,7.028964954296034,0.023751198266310627,0.00017376948446099912,0.009420976987804013,0.011018697380153595,0.02826293096341204,0.11228163021511128,0.9789783363333973,0.03916630413706247,0.056348076096995416,0.10059980085114305,0.11749891241118741
