,filename,speaker,meanF0,stdevF0,hnr,localJitter,localabsoluteJitter,rapJitter,ppq5Jitter,ddpJitter,localShimmer,localdbShimmer,apq3Shimmer,apq5Shimmer,apq11Shimmer,ddaShimmer
0,james_2110_age-of-consent_pro_opening,james,136.21022917899847,42.29894887792031,7.5851828160380315,0.02491723779211532,0.0001844159393962502,0.009762780922571223,0.011065456466843116,0.02928834276771367,0.12939759332283426,1.19001865372807,0.05733500716547665,0.066899341821141,0.11000047576260964,0.17200502149642993
