,filename,speaker,meanF0,stdevF0,hnr,localJitter,localabsoluteJitter,rapJitter,ppq5Jitter,ddpJitter,localShimmer,localdbShimmer,apq3Shimmer,apq5Shimmer,apq11Shimmer,ddaShimmer
0,james_2486_electoral-college_con_opening_rachel,james,161.5994471493467,80.61835817592113,4.297978246605626,0.018993953227715858,0.00012071886074352492,0.007759664487098453,0.008928741448770731,0.02327899346129536,0.1595533405107561,1.4230267274814412,0.08250954300657502,0.08918295354809731,0.11678471149273245,0.24752862901972505
