,filename,speaker,meanF0,stdevF0,hnr,localJitter,localabsoluteJitter,rapJitter,ppq5Jitter,ddpJitter,localShimmer,localdbShimmer,apq3Shimmer,apq5Shimmer,apq11Shimmer,ddaShimmer
0,james_3163_asylum_pro_opening,james,137.14773102342983,38.95033229401331,7.8729734899306365,0.021057289296638897,0.00015458239399574822,0.008302628631065595,0.008492020520473322,0.024907885893196785,0.10541496289559436,0.9201970160005175,0.03432966479230091,0.04983295646734302,0.09132788760830413,0.10298899437690273
