,filename,speaker,meanF0,stdevF0,hnr,localJitter,localabsoluteJitter,rapJitter,ppq5Jitter,ddpJitter,localShimmer,localdbShimmer,apq3Shimmer,apq5Shimmer,apq11Shimmer,ddaShimmer
0,james_881_holocaust-denial_con_opening_tim,james,216.91551410112893,134.979362821789,3.9348631408105894,0.029923002236002878,0.000148128216472725,0.014154097365534083,0.014616883497359737,0.04246229209660225,0.192064344134997,1.5778154019009896,0.10525962140092093,0.1205736502385557,0.13822311277646507,0.3157788642027628
