,filename,speaker,meanF0,stdevF0,hnr,localJitter,localabsoluteJitter,rapJitter,ppq5Jitter,ddpJitter,localShimmer,localdbShimmer,apq3Shimmer,apq5Shimmer,apq11Shimmer,ddaShimmer
0,james_3182_universal-health-care_pro_opening,james,276.24691118246153,163.46061929161584,5.23226803626177,0.042194974386589805,0.00017165951798298013,0.020569694361249606,0.022266324669313088,0.06170908308374882,0.19552871967826374,1.6402846682415093,0.10051565466986614,0.11388839219675465,0.11871660849373802,0.30154696400959846
