,filename,speaker,meanF0,stdevF0,hnr,localJitter,localabsoluteJitter,rapJitter,ppq5Jitter,ddpJitter,localShimmer,localdbShimmer,apq3Shimmer,apq5Shimmer,apq11Shimmer,ddaShimmer
0,james_3184_internet-censorship_pro_opening,james,168.38506536360435,99.26053015360962,4.122388005418487,0.02023976025970397,0.00012627590274542786,0.008693996028588932,0.009783151254112351,0.026081988085766797,0.16888503503102453,1.4722178796344152,0.08991159566517748,0.09278650481526982,0.127932810947988,0.26973478699553244
