,filename,speaker,meanF0,stdevF0,hnr,localJitter,localabsoluteJitter,rapJitter,ppq5Jitter,ddpJitter,localShimmer,localdbShimmer,apq3Shimmer,apq5Shimmer,apq11Shimmer,ddaShimmer
0,james_1322_beauty-pageants_con_opening_tim,james,189.57065871355908,114.26618119067487,4.118436877854223,0.024044618251798166,0.00013524931263127356,0.010723606991017385,0.011455669882940528,0.032170820973052155,0.17975359391770246,1.522263069365656,0.09599872694907595,0.10646903455217657,0.1317378190158546,0.28799618084722783
