,filename,speaker,meanF0,stdevF0,hnr,localJitter,localabsoluteJitter,rapJitter,ppq5Jitter,ddpJitter,localShimmer,localdbShimmer,apq3Shimmer,apq5Shimmer,apq11Shimmer,ddaShimmer
0,james_2483_anonymous-posts_con_opening_daniel,james,205.73559333129464,128.01714417477638,3.8943399826689507,0.024301209797657205,0.00012674406362169914,0.010922596164135257,0.01191750825824058,0.032767788492405775,0.19348748345152905,1.596460383735989,0.10815518119278365,0.12011463242421917,0.1560290960231639,0.32446554357835095
