,filename,speaker,meanF0,stdevF0,hnr,localJitter,localabsoluteJitter,rapJitter,ppq5Jitter,ddpJitter,localShimmer,localdbShimmer,apq3Shimmer,apq5Shimmer,apq11Shimmer,ddaShimmer
0,james_2185_unconventional-oil_con_opening_tim,james,167.45585485641135,93.42884146464039,4.464088915950757,0.01744561259259364,0.00010791756463953931,0.007438248797176742,0.008219326135552556,0.022314746391530225,0.16490618477787544,1.4412009488039181,0.08928055581186302,0.09093943132903974,0.11808220443001241,0.26784166743558907
