,filename,speaker,meanF0,stdevF0,hnr,localJitter,localabsoluteJitter,rapJitter,ppq5Jitter,ddpJitter,localShimmer,localdbShimmer,apq3Shimmer,apq5Shimmer,apq11Shimmer,ddaShimmer
0,james_3169_atheism_pro_opening,james,174.45412953789452,90.2195082781378,4.516943597387699,0.018516723505355336,0.00010992127584503583,0.007534026965787534,0.008645347174938164,0.022602080897362604,0.16497458839693532,1.467041562126542,0.08699707616711712,0.09598378126246422,0.1264516147834403,0.26099122850135137
