,filename,speaker,meanF0,stdevF0,hnr,localJitter,localabsoluteJitter,rapJitter,ppq5Jitter,ddpJitter,localShimmer,localdbShimmer,apq3Shimmer,apq5Shimmer,apq11Shimmer,ddaShimmer
0,james_3192_compulsory-voting_pro_opening,james,133.03449961308178,42.28913315778645,7.176679522839218,0.026962891328126036,0.00020425191834123654,0.011379677152679778,0.011995302680840293,0.034139031458039336,0.11666540667732239,1.0270289742107712,0.03837551729021795,0.05654924240320649,0.1119041004792758,0.11512655187065385
