,filename,speaker,meanF0,stdevF0,hnr,localJitter,localabsoluteJitter,rapJitter,ppq5Jitter,ddpJitter,localShimmer,localdbShimmer,apq3Shimmer,apq5Shimmer,apq11Shimmer,ddaShimmer
0,james_81_physical-education_pro_opening,james,323.6331656016861,162.39641417522807,4.664287542276022,0.05461637882497543,0.000187237034626081,0.029084665454276716,0.02946101359445844,0.08725399636283016,0.22827500454495794,1.805553402971416,0.12580562873894816,0.12636015969724787,0.09879224487040532,0.37741688621684444
