,filename,speaker,meanF0,stdevF0,hnr,localJitter,localabsoluteJitter,rapJitter,ppq5Jitter,ddpJitter,localShimmer,localdbShimmer,apq3Shimmer,apq5Shimmer,apq11Shimmer,ddaShimmer
0,james_2402_guantanamo_con_opening_tim,james,140.55882397860896,38.649307136066376,7.4144588226534935,0.022717440848000175,0.00016246281250811647,0.009315721840870449,0.010167011549533462,0.027947165522611346,0.12067748449537788,1.0916464722952743,0.046371019582209044,0.06224187687525555,0.11093030911638238,0.13911305874662713
