,filename,speaker,meanF0,stdevF0,hnr,localJitter,localabsoluteJitter,rapJitter,ppq5Jitter,ddpJitter,localShimmer,localdbShimmer,apq3Shimmer,apq5Shimmer,apq11Shimmer,ddaShimmer
0,james_3181_same-sex-marriage_pro_opening,james,135.21298015664973,37.00522169492229,7.1273151243930215,0.021221554070352935,0.00015770658930847425,0.008406005169837276,0.009407137824584855,0.025218015509511825,0.11614062104618432,1.0774100254007366,0.04224294359673407,0.057932802088826105,0.11098671554756388,0.1267288307902022
