,filename,speaker,meanF0,stdevF0,hnr,localJitter,localabsoluteJitter,rapJitter,ppq5Jitter,ddpJitter,localShimmer,localdbShimmer,apq3Shimmer,apq5Shimmer,apq11Shimmer,ddaShimmer
0,james_3191_recall-elections_pro_opening,james,128.88813301285404,32.82701228144542,7.116789513918373,0.02744992715622816,0.00021420034330096695,0.011735488953318367,0.01167723828832856,0.0352064668599551,0.11216557699798267,0.9954209012797267,0.037978058897588554,0.05386139650695733,0.09391770131929358,0.11393417669276566
