,filename,speaker,meanF0,stdevF0,hnr,localJitter,localabsoluteJitter,rapJitter,ppq5Jitter,ddpJitter,localShimmer,localdbShimmer,apq3Shimmer,apq5Shimmer,apq11Shimmer,ddaShimmer
0,james_2481_fraternities_pro_opening,james,176.93530104366656,98.2162619532765,4.284817907139857,0.020412607621775724,0.00012094851961783996,0.008878731655759725,0.010138916089372996,0.026636194967279175,0.18438909297128664,1.5762011819049797,0.10261397045217102,0.11282369565464012,0.14973903752946727,0.30784191135651306
