,filename,speaker,meanF0,stdevF0,hnr,localJitter,localabsoluteJitter,rapJitter,ppq5Jitter,ddpJitter,localShimmer,localdbShimmer,apq3Shimmer,apq5Shimmer,apq11Shimmer,ddaShimmer
0,james_3182_universal-health-care_con_opening_daniel,james,141.44535837497222,42.42755346963566,7.001038626145109,0.02457392788433622,0.00017494606704296663,0.009962442187662573,0.010346786655670587,0.029887326562987718,0.12104253264115149,1.0919383624735381,0.0462805367858297,0.06062070619155871,0.10527977072448978,0.1388416103574891
