,filename,speaker,meanF0,stdevF0,hnr,localJitter,localabsoluteJitter,rapJitter,ppq5Jitter,ddpJitter,localShimmer,localdbShimmer,apq3Shimmer,apq5Shimmer,apq11Shimmer,ddaShimmer
0,james_681_ip-rights_pro_opening,james,127.90880898685121,36.38549546625457,7.358389173466297,0.02603270699765811,0.00020488608914662215,0.009862444544405961,0.011538647234735784,0.02958733363321788,0.11279186812866271,1.0023593924079384,0.03594965113432841,0.053218178622094464,0.10792884887528795,0.10784895340298523
