,filename,speaker,meanF0,stdevF0,hnr,localJitter,localabsoluteJitter,rapJitter,ppq5Jitter,ddpJitter,localShimmer,localdbShimmer,apq3Shimmer,apq5Shimmer,apq11Shimmer,ddaShimmer
0,james_3162_multiculturalism_pro_opening,james,207.5145673762322,129.08056591630668,4.089330805439034,0.026097243568961235,0.00013604810892077504,0.011798784314609529,0.012307144403022417,0.03539635294382859,0.18860493729791689,1.5575981177731777,0.10216750152959776,0.113195564604544,0.14435214696384377,0.3065025045887933
