,filename,speaker,meanF0,stdevF0,hnr,localJitter,localabsoluteJitter,rapJitter,ppq5Jitter,ddpJitter,localShimmer,localdbShimmer,apq3Shimmer,apq5Shimmer,apq11Shimmer,ddaShimmer
0,james_3581_cheerleading_pro_opening,james,140.49644656089566,39.05496834186042,8.174545396743538,0.02322197776188431,0.00016624265832785044,0.009556902045799287,0.010565966167880289,0.02867070613739786,0.10781979761736885,0.9890719594698881,0.03876996821624617,0.05466123845256514,0.0973067388284032,0.1163099046487385
