,filename,speaker,meanF0,stdevF0,hnr,localJitter,localabsoluteJitter,rapJitter,ppq5Jitter,ddpJitter,localShimmer,localdbShimmer,apq3Shimmer,apq5Shimmer,apq11Shimmer,ddaShimmer
0,james_121_ban-boxing_pro_opening,james,215.24613629371112,139.91617425285776,3.8249241390435516,0.02480305456130275,0.00012729134958839032,0.010708170594513265,0.011808729883274454,0.0321245117835398,0.17339160602668266,1.4931991385848578,0.09437058838385155,0.10380973832399364,0.13352639654313112,0.2831117651515547
