,filename,speaker,meanF0,stdevF0,hnr,localJitter,localabsoluteJitter,rapJitter,ppq5Jitter,ddpJitter,localShimmer,localdbShimmer,apq3Shimmer,apq5Shimmer,apq11Shimmer,ddaShimmer
0,james_986_polygamy_con_opening_tim,james,140.66381361596206,44.7548608505823,7.385380447602226,0.022156800654489717,0.0001585070359369426,0.00891245709000779,0.010147600800676601,0.026737371270023368,0.11730332521946638,1.0958254449778266,0.04699686320250972,0.06002008647694389,0.10697551346096404,0.14099058960752914
