,filename,speaker,meanF0,stdevF0,hnr,localJitter,localabsoluteJitter,rapJitter,ppq5Jitter,ddpJitter,localShimmer,localdbShimmer,apq3Shimmer,apq5Shimmer,apq11Shimmer,ddaShimmer
0,james_3180_goal-line_pro_opening,james,194.3991269087394,125.33264665295341,3.8607661118624743,0.023759271402324415,0.0001335207325968555,0.010474750698821282,0.011337832167579378,0.031424252096463844,0.18287398120711687,1.5484815415615931,0.09898473283534173,0.09988317767020614,0.12968870112799855,0.2969541985060252
