,filename,speaker,meanF0,stdevF0,hnr,localJitter,localabsoluteJitter,rapJitter,ppq5Jitter,ddpJitter,localShimmer,localdbShimmer,apq3Shimmer,apq5Shimmer,apq11Shimmer,ddaShimmer
0,james_121_ban-boxing_con_opening_rachel,james,135.86117419805797,36.202728124937906,6.859361088722542,0.022189804034919193,0.00016421299425055575,0.009107129843226144,0.010046628649945889,0.02732138952967843,0.12141463522991107,1.126340034306144,0.050271540754592,0.06146186628183567,0.1106894480777062,0.150814622263776
