,filename,speaker,meanF0,stdevF0,hnr,localJitter,localabsoluteJitter,rapJitter,ppq5Jitter,ddpJitter,localShimmer,localdbShimmer,apq3Shimmer,apq5Shimmer,apq11Shimmer,ddaShimmer
0,rachel_381_monarchy_con_opening_james,rachel,248.93469956134206,68.44633444928856,15.705646538748395,0.02125820318582432,8.589011328805123e-05,0.008738552691002795,0.009302425725733476,0.026215658073008387,0.08367422193531088,0.8636973228046216,0.025978919619274548,0.04084072815842055,0.0842350299774006,0.07793675885782364
