,filename,speaker,meanF0,stdevF0,hnr,localJitter,localabsoluteJitter,rapJitter,ppq5Jitter,ddpJitter,localShimmer,localdbShimmer,apq3Shimmer,apq5Shimmer,apq11Shimmer,ddaShimmer
0,rachel_3168_year-round-school_con_opening_james,rachel,247.3618673769953,67.03656941323679,16.219268290632755,0.020888971455518077,8.521768886029348e-05,0.00844345067745128,0.009287354651560704,0.025330352032353842,0.08267162956537578,0.8288855642543853,0.025506860200849222,0.040389410028548324,0.08430353589936944,0.07652058060254767
