,filename,speaker,meanF0,stdevF0,hnr,localJitter,localabsoluteJitter,rapJitter,ppq5Jitter,ddpJitter,localShimmer,localdbShimmer,apq3Shimmer,apq5Shimmer,apq11Shimmer,ddaShimmer
0,rachel_221_ban-gambling_con_opening_daniel,rachel,252.85301423953933,66.06279474052286,15.451612054902144,0.02048634191134588,8.151799339434915e-05,0.008451273172812008,0.008973970355234699,0.025353819518436023,0.08472309497949802,0.8573557421516415,0.026639031081150327,0.04112812337003833,0.08497571098100008,0.07991709324345098
