,filename,speaker,meanF0,stdevF0,hnr,localJitter,localabsoluteJitter,rapJitter,ppq5Jitter,ddpJitter,localShimmer,localdbShimmer,apq3Shimmer,apq5Shimmer,apq11Shimmer,ddaShimmer
0,rachel_1250_transfat_con_opening_yaar,rachel,246.70755120991063,62.655131939966594,15.741247796400234,0.02055571829709105,8.383293441023641e-05,0.00851789345001925,0.00944628056374716,0.02555368035005775,0.08980477242250079,0.9139797948153863,0.029633588861464662,0.048139072780839495,0.0856130307031618,0.08890076658439398
