,filename,speaker,meanF0,stdevF0,hnr,localJitter,localabsoluteJitter,rapJitter,ppq5Jitter,ddpJitter,localShimmer,localdbShimmer,apq3Shimmer,apq5Shimmer,apq11Shimmer,ddaShimmer
0,rachel_3169_atheism_con_opening_tim,rachel,268.6165280599241,82.68611607264391,9.429611848629424,0.024077901056620322,9.227040808768736e-05,0.01035463230387343,0.011657483374586218,0.031063896911620294,0.16688962930207746,1.5093721660808228,0.07369192103694683,0.12881164717559432,0.16158438756124008,0.22107576311084048
