,filename,speaker,meanF0,stdevF0,hnr,localJitter,localabsoluteJitter,rapJitter,ppq5Jitter,ddpJitter,localShimmer,localdbShimmer,apq3Shimmer,apq5Shimmer,apq11Shimmer,ddaShimmer
0,rachel_2110_age-of-consent_con_opening_will,rachel,255.3488247706288,72.57562113400586,17.379095883531615,0.019168166185563586,7.566170085013169e-05,0.007758095692637543,0.007922540635684707,0.02327428707791263,0.08084858423190905,0.7951297569012089,0.02407713206850424,0.038867793097783224,0.07841986461832363,0.07223139620551272
