,filename,speaker,meanF0,stdevF0,hnr,localJitter,localabsoluteJitter,rapJitter,ppq5Jitter,ddpJitter,localShimmer,localdbShimmer,apq3Shimmer,apq5Shimmer,apq11Shimmer,ddaShimmer
0,rachel_2488_un-veto_con_opening_tim,rachel,313.32865641503884,91.68867299517707,8.432552617794922,0.026062003796091568,8.646492110740127e-05,0.010453896138632169,0.011572984374563397,0.03136168841589651,0.1852172971183278,1.6305895823376548,0.08116055214189227,0.1494255851615891,0.19907093057244382,0.24348165642567682
