,filename,speaker,meanF0,stdevF0,hnr,localJitter,localabsoluteJitter,rapJitter,ppq5Jitter,ddpJitter,localShimmer,localdbShimmer,apq3Shimmer,apq5Shimmer,apq11Shimmer,ddaShimmer
0,rachel_3163_asylum_con_opening_sam,rachel,237.97746913400087,67.57054421449904,13.691815535215593,0.022803906620547678,9.668106269177993e-05,0.009171557566817324,0.010350414309158137,0.02751467270045197,0.08997943108530893,0.8982101807463072,0.028356110938025234,0.0449082587997349,0.0906550574750975,0.0850683328140757
