,filename,speaker,meanF0,stdevF0,hnr,localJitter,localabsoluteJitter,rapJitter,ppq5Jitter,ddpJitter,localShimmer,localdbShimmer,apq3Shimmer,apq5Shimmer,apq11Shimmer,ddaShimmer
0,rachel_3183_racial-profiling_con_opening_will,rachel,247.8512270577855,83.21820390365718,11.924960334850452,0.02951449631004119,0.00012141118763185688,0.013992546072083683,0.012661541575766233,0.04197763821625105,0.14958773412126056,1.3775453359939747,0.06689893281383114,0.09883792517536415,0.16713629138337474,0.2006967984414934
