,filename,speaker,meanF0,stdevF0,hnr,localJitter,localabsoluteJitter,rapJitter,ppq5Jitter,ddpJitter,localShimmer,localdbShimmer,apq3Shimmer,apq5Shimmer,apq11Shimmer,ddaShimmer
0,rachel_121_ban-boxing_pro_opening,rachel,235.0838359720009,66.142894025838,15.275644018011509,0.02265342926609726,9.708833199439541e-05,0.009345724864923615,0.010308937330834168,0.028037174594770845,0.08742707513631064,0.8641385059251439,0.027451783090730264,0.0432619851399674,0.08733803131276942,0.08235534927219079
