,filename,speaker,meanF0,stdevF0,hnr,localJitter,localabsoluteJitter,rapJitter,ppq5Jitter,ddpJitter,localShimmer,localdbShimmer,apq3Shimmer,apq5Shimmer,apq11Shimmer,ddaShimmer
0,rachel_2526_double-jeopardy_pro_opening,rachel,251.60610623201586,67.81840467292902,16.47690807369269,0.02127533375113604,8.513068860464807e-05,0.00895235144304645,0.009237973159430824,0.026857054329139346,0.08315922295509319,0.8229963856839799,0.02664325484224342,0.03896900591102416,0.07825837779313825,0.07992976452673026
