,filename,speaker,meanF0,stdevF0,hnr,localJitter,localabsoluteJitter,rapJitter,ppq5Jitter,ddpJitter,localShimmer,localdbShimmer,apq3Shimmer,apq5Shimmer,apq11Shimmer,ddaShimmer
0,rachel_3581_cheerleading_con_opening_james,rachel,238.32240453955237,60.02089122926347,16.654855129408443,0.020668722780808623,8.737980257858201e-05,0.008408091311730197,0.009155649385702524,0.02522427393519059,0.0805221143124836,0.8166666829368403,0.024860148031970484,0.03896464775410916,0.0808909307113267,0.07458044409591146
