,filename,speaker,meanF0,stdevF0,hnr,localJitter,localabsoluteJitter,rapJitter,ppq5Jitter,ddpJitter,localShimmer,localdbShimmer,apq3Shimmer,apq5Shimmer,apq11Shimmer,ddaShimmer
0,rachel_2486_electoral-college_pro_opening,rachel,314.8308634432443,104.84406818688478,7.270640456353772,0.029696820578503456,9.831828245249208e-05,0.011999177469679377,0.012557922013064288,0.03599753240903813,0.21178520660462033,1.7603111159243645,0.097935694530949,0.18273816993174832,0.2431631096698717,0.293807083592847
