,filename,speaker,meanF0,stdevF0,hnr,localJitter,localabsoluteJitter,rapJitter,ppq5Jitter,ddpJitter,localShimmer,localdbShimmer,apq3Shimmer,apq5Shimmer,apq11Shimmer,ddaShimmer
0,rachel_3162_multiculturalism_con_opening_james,rachel,226.9966252197993,63.25897139957398,15.294978443776419,0.020234819208002797,8.967180922642994e-05,0.00825653141635216,0.008983258853314689,0.024769594249056483,0.09256772017698756,0.9301318494092408,0.03257211550815668,0.051423493411418865,0.08797782418929567,0.09771634652447005
