,filename,speaker,meanF0,stdevF0,hnr,localJitter,localabsoluteJitter,rapJitter,ppq5Jitter,ddpJitter,localShimmer,localdbShimmer,apq3Shimmer,apq5Shimmer,apq11Shimmer,ddaShimmer
0,rachel_3186_flat-tax_pro_opening,rachel,228.37537276720036,71.2646755641646,15.189366123694201,0.023523625727307058,0.0001034978100968358,0.01009265784150972,0.010637736808723684,0.030277973524529156,0.08794218140162213,0.8977466422958756,0.028607083117544917,0.04439155802614637,0.08868817300053812,0.08582124935263474
