,filename,speaker,meanF0,stdevF0,hnr,localJitter,localabsoluteJitter,rapJitter,ppq5Jitter,ddpJitter,localShimmer,localdbShimmer,apq3Shimmer,apq5Shimmer,apq11Shimmer,ddaShimmer
0,rachel_881_holocaust-denial_pro_opening,rachel,239.3030778884467,63.980299400755534,14.52751986592019,0.02253679217182454,9.485873543458642e-05,0.009274298099870392,0.010317563780748617,0.027822894299611177,0.09668386515303745,0.9487262482892014,0.03345648367559055,0.05052845250380391,0.09629453025952692,0.10036945102677165
