,filename,speaker,meanF0,stdevF0,hnr,localJitter,localabsoluteJitter,rapJitter,ppq5Jitter,ddpJitter,localShimmer,localdbShimmer,apq3Shimmer,apq5Shimmer,apq11Shimmer,ddaShimmer
0,rachel_1346_biofuels_pro_opening,rachel,243.06516102406832,70.8384844419331,9.92687278361183,0.022986293948538312,9.608634053057555e-05,0.010201850985701586,0.011566591924671611,0.030605552957104758,0.1639512416267705,1.5203814065771026,0.0746541930300953,0.1301633736771125,0.15359704036415134,0.22396257909028588
