,filename,speaker,meanF0,stdevF0,hnr,localJitter,localabsoluteJitter,rapJitter,ppq5Jitter,ddpJitter,localShimmer,localdbShimmer,apq3Shimmer,apq5Shimmer,apq11Shimmer,ddaShimmer
0,rachel_1161_cosmetic-surgery_con_opening_will,rachel,243.3667713671106,67.45582138125444,14.940493007597038,0.02208227433931921,9.131421644550757e-05,0.009073393665743282,0.010121126125419534,0.027220180997229847,0.08500210232589438,0.8504641641575633,0.026413093045629988,0.04156178289253269,0.08448346348862541,0.07923927913688997
