,filename,speaker,meanF0,stdevF0,hnr,localJitter,localabsoluteJitter,rapJitter,ppq5Jitter,ddpJitter,localShimmer,localdbShimmer,apq3Shimmer,apq5Shimmer,apq11Shimmer,ddaShimmer
0,rachel_3581_cheerleading_pro_opening,rachel,215.87977824261796,60.01896536346187,16.30171306274465,0.02067062211805517,9.671350459941909e-05,0.007786566523527878,0.008871727780585984,0.023359699570583634,0.08242713363554131,0.7981049492511205,0.02611863743576542,0.04026568550896173,0.08017558831681537,0.07835591230729626
