,filename,speaker,meanF0,stdevF0,hnr,localJitter,localabsoluteJitter,rapJitter,ppq5Jitter,ddpJitter,localShimmer,localdbShimmer,apq3Shimmer,apq5Shimmer,apq11Shimmer,ddaShimmer
0,rachel_2526_double-jeopardy_con_opening_daniel,rachel,281.43711420073737,97.17332658468878,8.133414657608519,0.02752225697986978,0.00010232733608568576,0.01197362668110164,0.012982097425037057,0.03592088004330492,0.1852726422057095,1.603290817500852,0.08710517107648728,0.1538818098146133,0.18601135511444972,0.26131551322946184
