,filename,speaker,meanF0,stdevF0,hnr,localJitter,localabsoluteJitter,rapJitter,ppq5Jitter,ddpJitter,localShimmer,localdbShimmer,apq3Shimmer,apq5Shimmer,apq11Shimmer,ddaShimmer
0,rachel_3192_compulsory-voting_con_opening_daniel,rachel,237.63668850284643,65.3960183592732,13.68177579446561,0.023152684373237285,9.827731752314801e-05,0.009381254966163518,0.010587598178206358,0.028143764898490554,0.09799784803510168,0.9543854373380694,0.0310525956947212,0.049912235843396956,0.10030958541579375,0.0931577870841636
