,filename,speaker,meanF0,stdevF0,hnr,localJitter,localabsoluteJitter,rapJitter,ppq5Jitter,ddpJitter,localShimmer,localdbShimmer,apq3Shimmer,apq5Shimmer,apq11Shimmer,ddaShimmer
0,rachel_2481_fraternities_con_opening_will,rachel,241.63536107206681,69.66309339793557,14.235708668602667,0.024118948556349325,0.00010072745637537134,0.009825815449393198,0.010578053657065321,0.029477446348179594,0.0919247087526405,0.9274188821968536,0.030851755775782447,0.04819752390139457,0.08937567039243248,0.09255526732734734
