,filename,speaker,meanF0,stdevF0,hnr,localJitter,localabsoluteJitter,rapJitter,ppq5Jitter,ddpJitter,localShimmer,localdbShimmer,apq3Shimmer,apq5Shimmer,apq11Shimmer,ddaShimmer
0,rachel_1401_vegetarianism_con_opening_will,rachel,233.47229085298673,60.91608927069862,15.155770394995526,0.01789627830162324,7.69365262368283e-05,0.006688874018000676,0.007206785222562524,0.020066622054002028,0.08278565984356606,0.7898507911768422,0.025664070779201176,0.04098074425794127,0.08304858417644476,0.07699221233760353
