,filename,speaker,meanF0,stdevF0,hnr,localJitter,localabsoluteJitter,rapJitter,ppq5Jitter,ddpJitter,localShimmer,localdbShimmer,apq3Shimmer,apq5Shimmer,apq11Shimmer,ddaShimmer
0,rachel_3178_covenant-marriage_con_opening_james,rachel,244.7368819390281,64.23506468103083,15.243955839127452,0.021841705787098098,8.996654519430859e-05,0.008931203637821057,0.00973464806441818,0.02679361091346317,0.08628682485516954,0.8624316941473597,0.025888004973978404,0.039982236904340517,0.0808750120367731,0.07766401492193521
