,filename,speaker,meanF0,stdevF0,hnr,localJitter,localabsoluteJitter,rapJitter,ppq5Jitter,ddpJitter,localShimmer,localdbShimmer,apq3Shimmer,apq5Shimmer,apq11Shimmer,ddaShimmer
0,rachel_3184_internet-censorship_con_opening_daniel,rachel,248.50677749598242,71.77687848795395,16.54646878774251,0.021246625999789933,8.62894367122279e-05,0.008524414711317374,0.009456713009763562,0.025573244133952122,0.08136428768924726,0.8217594595265275,0.02434760701850338,0.039199605219044066,0.08000239395649221,0.07304282105551013
