,filename,speaker,meanF0,stdevF0,hnr,localJitter,localabsoluteJitter,rapJitter,ppq5Jitter,ddpJitter,localShimmer,localdbShimmer,apq3Shimmer,apq5Shimmer,apq11Shimmer,ddaShimmer
0,rachel_3175_abstinence-only_con_opening_will,rachel,255.50801091511715,85.87344212997587,12.572700792918939,0.028661170311417863,0.00011371957869876538,0.01356710398265201,0.012435983411541148,0.04070131194795603,0.14324286545409048,1.3474306192096805,0.06336549948557033,0.09192170164237773,0.1556846623529041,0.19009649845671098
