,filename,speaker,meanF0,stdevF0,hnr,localJitter,localabsoluteJitter,rapJitter,ppq5Jitter,ddpJitter,localShimmer,localdbShimmer,apq3Shimmer,apq5Shimmer,apq11Shimmer,ddaShimmer
0,sam_1346_biofuels_con_opening_daniel,sam,179.45445598233593,116.09173219073004,4.949564881082549,0.025476473002309468,0.00015043549630973894,0.010837505498512954,0.01231172006875375,0.032512516495538865,0.17625076218396263,1.5331012004408353,0.09630114542894805,0.10549912215058048,0.13699692677556408,0.2889034362868441
