,filename,speaker,meanF0,stdevF0,hnr,localJitter,localabsoluteJitter,rapJitter,ppq5Jitter,ddpJitter,localShimmer,localdbShimmer,apq3Shimmer,apq5Shimmer,apq11Shimmer,ddaShimmer
0,sam_1187_cannabis_con_opening_will,sam,205.3457999053939,146.10639790937577,4.6019109713714865,0.026771254762306157,0.00014651770037884594,0.01196944539425972,0.012155111049494589,0.035908336182779166,0.17389560165089601,1.592058773869021,0.09585707723663939,0.09901182651819998,0.1523528719347926,0.28757123170991816
