,filename,speaker,meanF0,stdevF0,hnr,localJitter,localabsoluteJitter,rapJitter,ppq5Jitter,ddpJitter,localShimmer,localdbShimmer,apq3Shimmer,apq5Shimmer,apq11Shimmer,ddaShimmer
0,sam_3163_asylum_pro_opening,sam,118.88101699244177,53.890238936470226,10.642590836073838,0.03050681224953509,0.0002599339144996118,0.011611392596373069,0.014312089135261823,0.03483417778911921,0.11675491677401106,1.1124380024688887,0.04485367779047424,0.06830345215350081,0.12116618087437346,0.13456103337142272
