,filename,speaker,meanF0,stdevF0,hnr,localJitter,localabsoluteJitter,rapJitter,ppq5Jitter,ddpJitter,localShimmer,localdbShimmer,apq3Shimmer,apq5Shimmer,apq11Shimmer,ddaShimmer
0,sam_3581_cheerleading_con_opening_rachel,sam,127.45531664465665,29.698313770516947,10.80718073157373,0.02607767577521488,0.0002053029915152269,0.009550774169411693,0.012267745271417434,0.02865232250823508,0.11495590937826836,1.1001048360572325,0.04389638334666977,0.06659758978966183,0.11763903508698163,0.1316891500400093
