,filename,speaker,meanF0,stdevF0,hnr,localJitter,localabsoluteJitter,rapJitter,ppq5Jitter,ddpJitter,localShimmer,localdbShimmer,apq3Shimmer,apq5Shimmer,apq11Shimmer,ddaShimmer
0,sam_3181_same-sex-marriage_con_opening_james,sam,245.27794080733366,164.1077402981775,4.86242365990079,0.033099536401001085,0.00015195651566400655,0.014915018233823053,0.015532603286422055,0.04474505470146916,0.1944385513644477,1.678864306119718,0.11255873082386939,0.11102475638568139,0.15848061845710879,0.3376761924716082
