,filename,speaker,meanF0,stdevF0,hnr,localJitter,localabsoluteJitter,rapJitter,ppq5Jitter,ddpJitter,localShimmer,localdbShimmer,apq3Shimmer,apq5Shimmer,apq11Shimmer,ddaShimmer
0,sam_3186_flat-tax_con_opening_tim,sam,201.30487436171327,148.81144109443625,4.684934550152979,0.02838476368756109,0.0001641887344789715,0.010565389509448925,0.01250155417640379,0.03169616852834678,0.17198806728964547,1.553299178980922,0.09746703478819752,0.09903462769844845,0.141443262849564,0.29240110436459255
