,filename,speaker,meanF0,stdevF0,hnr,localJitter,localabsoluteJitter,rapJitter,ppq5Jitter,ddpJitter,localShimmer,localdbShimmer,apq3Shimmer,apq5Shimmer,apq11Shimmer,ddaShimmer
0,sam_1542_libertarian_con_opening_will,sam,172.80823530355795,133.0750294494734,5.717941555328189,0.027041499398266694,0.00018234706499659954,0.011175144112678665,0.012574537418666458,0.033525432338035996,0.16935501674448744,1.514214399164697,0.09560814699952941,0.09414136461894985,0.1387963390254972,0.2868244409985882
