,filename,speaker,meanF0,stdevF0,hnr,localJitter,localabsoluteJitter,rapJitter,ppq5Jitter,ddpJitter,localShimmer,localdbShimmer,apq3Shimmer,apq5Shimmer,apq11Shimmer,ddaShimmer
0,sam_3178_covenant-marriage_con_opening_tim,sam,183.19474338378416,136.83355663323738,5.249555467237658,0.0252078727023473,0.00015854249639962978,0.009445528647688183,0.011152610868242364,0.028336585943064548,0.16270007452788482,1.4844267133902238,0.091812715583223,0.0932496870196954,0.13604834873304536,0.275438146749669
