,filename,speaker,meanF0,stdevF0,hnr,localJitter,localabsoluteJitter,rapJitter,ppq5Jitter,ddpJitter,localShimmer,localdbShimmer,apq3Shimmer,apq5Shimmer,apq11Shimmer,ddaShimmer
0,sam_1961_sex-education_con_opening_yaar,sam,304.409293562651,158.4552470111179,4.034072427462182,0.05003048571575419,0.0001862121675010844,0.025065228311761605,0.02714081845452095,0.0751956849352848,0.21116179793930034,1.7441015464485918,0.11729050849469042,0.1442531466453441,0.20478871922477632,0.35187152548407125
