,filename,speaker,meanF0,stdevF0,hnr,localJitter,localabsoluteJitter,rapJitter,ppq5Jitter,ddpJitter,localShimmer,localdbShimmer,apq3Shimmer,apq5Shimmer,apq11Shimmer,ddaShimmer
0,tim_2402_guantanamo_con_opening_daniel,tim,167.00388704215123,63.11524425412941,7.7376261937776025,0.026398250043946785,0.00015989542870034867,0.012675550171779817,0.014666414400154653,0.03802665051533945,0.15389689671003398,1.3658376343699408,0.06637777441116412,0.09015874234023544,0.13883258552514807,0.19913332323349237
