,filename,speaker,meanF0,stdevF0,hnr,localJitter,localabsoluteJitter,rapJitter,ppq5Jitter,ddpJitter,localShimmer,localdbShimmer,apq3Shimmer,apq5Shimmer,apq11Shimmer,ddaShimmer
0,tim_2185_unconventional-oil_pro_opening,tim,157.6483975215406,56.86802570260099,8.170892050436962,0.026064186391618553,0.0001667939473709884,0.012663544384562114,0.014460544586369285,0.03799063315368634,0.1530878478137629,1.3767205615099787,0.06741719870922189,0.09286658248044666,0.147424403427793,0.20225159612766566
