,filename,speaker,meanF0,stdevF0,hnr,localJitter,localabsoluteJitter,rapJitter,ppq5Jitter,ddpJitter,localShimmer,localdbShimmer,apq3Shimmer,apq5Shimmer,apq11Shimmer,ddaShimmer
0,tim_2486_electoral-college_con_opening_james,tim,157.94047360763886,53.45672884013687,8.653772142724437,0.025245882106209285,0.00016053921932308984,0.011862089905418139,0.013297184890925086,0.03558626971625442,0.1462338653126158,1.3501214904699832,0.060789805151784865,0.08597090222558815,0.14717824053705234,0.1823694154553546
