,filename,speaker,meanF0,stdevF0,hnr,localJitter,localabsoluteJitter,rapJitter,ppq5Jitter,ddpJitter,localShimmer,localdbShimmer,apq3Shimmer,apq5Shimmer,apq11Shimmer,ddaShimmer
0,tim_1322_beauty-pageants_pro_opening,tim,158.7622676450024,49.65058142051934,7.714003983494072,0.028392904188394245,0.0001798771430827149,0.013704355303070539,0.015975438808033548,0.04111306590921161,0.15042193475375856,1.3629201341883315,0.06467671550394155,0.09247465206068115,0.15655092915532895,0.19403014651182465
