,filename,speaker,meanF0,stdevF0,hnr,localJitter,localabsoluteJitter,rapJitter,ppq5Jitter,ddpJitter,localShimmer,localdbShimmer,apq3Shimmer,apq5Shimmer,apq11Shimmer,ddaShimmer
0,tim_3191_recall-elections_pro_opening,tim,169.74972349446458,50.78851347342132,7.671007418651129,0.026686471190785727,0.00015801012076786968,0.01280827529205,0.014855422112653715,0.038424825876149996,0.15254528847810106,1.3834407435463172,0.0653710481356322,0.0935112839059001,0.1529093976390316,0.1961131444068966
