,filename,speaker,meanF0,stdevF0,hnr,localJitter,localabsoluteJitter,rapJitter,ppq5Jitter,ddpJitter,localShimmer,localdbShimmer,apq3Shimmer,apq5Shimmer,apq11Shimmer,ddaShimmer
0,tim_994_hydroelectric-dams_con_opening_yaar,tim,167.69118163566063,71.82137915345811,8.387186688632497,0.027923400102956162,0.00016824513862252885,0.013610817953389696,0.015269829384092005,0.040832453860169086,0.1534860509415526,1.3722131534947017,0.06635900676829869,0.08852073470018512,0.14027425108910985,0.19907702030489605
