,filename,speaker,meanF0,stdevF0,hnr,localJitter,localabsoluteJitter,rapJitter,ppq5Jitter,ddpJitter,localShimmer,localdbShimmer,apq3Shimmer,apq5Shimmer,apq11Shimmer,ddaShimmer
0,tim_926_asean_pro_opening,tim,176.76930792528185,66.94421819155899,9.944913656620654,0.025589310492166503,0.0001461972028318343,0.011655036170416029,0.01331465139537096,0.03496510851124809,0.1346885998152452,1.259659846904042,0.05369196291923416,0.07722233811603879,0.14006604773388756,0.16107588875770246
