,filename,speaker,meanF0,stdevF0,hnr,localJitter,localabsoluteJitter,rapJitter,ppq5Jitter,ddpJitter,localShimmer,localdbShimmer,apq3Shimmer,apq5Shimmer,apq11Shimmer,ddaShimmer
0,tim_1401_vegetarianism_con_opening_james,tim,161.70492129797933,65.50436290746163,8.230678227608436,0.02804810686557289,0.00017499985170380236,0.013609884123714595,0.015456462882289152,0.04082965237114378,0.15953136812857827,1.4073187860404879,0.07099456301798956,0.09405689043498897,0.1452639840671945,0.2129836890539687
