,filename,speaker,meanF0,stdevF0,hnr,localJitter,localabsoluteJitter,rapJitter,ppq5Jitter,ddpJitter,localShimmer,localdbShimmer,apq3Shimmer,apq5Shimmer,apq11Shimmer,ddaShimmer
0,tim_3191_recall-elections_con_opening_james,tim,175.15399250256507,46.99613887486765,9.818918059643556,0.02634206456205627,0.00015098062045478607,0.01146455547444892,0.013426560655764067,0.034393666423346764,0.13001829301364115,1.229432817791796,0.05168470366787245,0.07652004832935871,0.13954597735218094,0.15505411100361735
