,filename,speaker,meanF0,stdevF0,hnr,localJitter,localabsoluteJitter,rapJitter,ppq5Jitter,ddpJitter,localShimmer,localdbShimmer,apq3Shimmer,apq5Shimmer,apq11Shimmer,ddaShimmer
0,tim_1103_anti-social_pro_opening,tim,157.89116200905772,61.85723821447112,9.69676092481161,0.02838076276660547,0.0001821539710604241,0.013557584647558232,0.014954666980190736,0.040672753942674694,0.14483603399888945,1.313036942715541,0.06102961354930108,0.0849031211987512,0.1449821619883279,0.18308884064790323
