,filename,speaker,meanF0,stdevF0,hnr,localJitter,localabsoluteJitter,rapJitter,ppq5Jitter,ddpJitter,localShimmer,localdbShimmer,apq3Shimmer,apq5Shimmer,apq11Shimmer,ddaShimmer
0,tim_3186_flat-tax_con_opening_rachel,tim,209.11219598748642,58.317646329076986,10.792126884277291,0.02151088435565538,0.00010346478824206904,0.009257949409593305,0.01055729444679654,0.027773848228779915,0.12949683632296177,1.2213438524776432,0.05186328024184022,0.07701407554519088,0.13619496286055274,0.15558984072552065
