,filename,speaker,meanF0,stdevF0,hnr,localJitter,localabsoluteJitter,rapJitter,ppq5Jitter,ddpJitter,localShimmer,localdbShimmer,apq3Shimmer,apq5Shimmer,apq11Shimmer,ddaShimmer
0,tim_3178_covenant-marriage_pro_opening,tim,177.20073241354604,57.14259305719441,9.034716876476832,0.025613589628299134,0.0001455672393671021,0.011783902069351574,0.013230107703788921,0.03535170620805472,0.13914709238450926,1.2793201424560274,0.05738125806151885,0.07882731994893484,0.13891968233426,0.17214377418455656
