,filename,speaker,meanF0,stdevF0,hnr,localJitter,localabsoluteJitter,rapJitter,ppq5Jitter,ddpJitter,localShimmer,localdbShimmer,apq3Shimmer,apq5Shimmer,apq11Shimmer,ddaShimmer
0,tim_642_partial-birth-abortions_pro_opening,tim,159.37311782337486,62.85189876212355,7.939057096293354,0.02841486952321382,0.00018050208317544857,0.01370038890564839,0.015424366139825845,0.04110116671694517,0.15951973686012916,1.4156302557843676,0.0703849065109659,0.09530541937889563,0.15198566583330564,0.21115471953289772
