,filename,speaker,meanF0,stdevF0,hnr,localJitter,localabsoluteJitter,rapJitter,ppq5Jitter,ddpJitter,localShimmer,localdbShimmer,apq3Shimmer,apq5Shimmer,apq11Shimmer,ddaShimmer
0,tim_1902_ivory-trade_con_opening_will,tim,190.97633097028668,53.49996605240087,10.799044702404029,0.025625228162652718,0.00013485188799359298,0.011827551050417518,0.013724519365637662,0.035482653151252555,0.13619693465051147,1.2763013011699194,0.055018485541941047,0.0826616300387457,0.14263330810437816,0.16505545662582313
