,filename,speaker,meanF0,stdevF0,hnr,localJitter,localabsoluteJitter,rapJitter,ppq5Jitter,ddpJitter,localShimmer,localdbShimmer,apq3Shimmer,apq5Shimmer,apq11Shimmer,ddaShimmer
0,tim_2402_guantanamo_pro_opening,tim,149.4336909587355,46.788234569909,8.230321066934508,0.02612093811697816,0.00017574500516151352,0.012540434520386824,0.014130422010284652,0.037621303561160474,0.14930722643321623,1.3524028624861606,0.06708108334449993,0.09152026472788352,0.14144171919750814,0.2012432500334998
