,filename,speaker,meanF0,stdevF0,hnr,localJitter,localabsoluteJitter,rapJitter,ppq5Jitter,ddpJitter,localShimmer,localdbShimmer,apq3Shimmer,apq5Shimmer,apq11Shimmer,ddaShimmer
0,tim_1963_bullfighting_con_opening_will,tim,184.57538101992506,58.17291597694374,9.737927941327746,0.02674073937184106,0.00014574317417354377,0.013044813801941403,0.014175396642912185,0.03913444140582421,0.1497945531423175,1.3270403824597707,0.06603335168925688,0.08631327373485147,0.1404934491854386,0.19810005506777062
