,filename,speaker,meanF0,stdevF0,hnr,localJitter,localabsoluteJitter,rapJitter,ppq5Jitter,ddpJitter,localShimmer,localdbShimmer,apq3Shimmer,apq5Shimmer,apq11Shimmer,ddaShimmer
0,tim_3186_flat-tax_pro_opening,tim,167.91045310185922,55.491140447792816,8.837476379751283,0.024742922213838045,0.00014855275900722974,0.010914463239938846,0.012450240448843802,0.03274338971981654,0.1319363144050346,1.2134265030353617,0.05331396266898336,0.0747649490254296,0.1335166473487161,0.15994188800695008
