,filename,speaker,meanF0,stdevF0,hnr,localJitter,localabsoluteJitter,rapJitter,ppq5Jitter,ddpJitter,localShimmer,localdbShimmer,apq3Shimmer,apq5Shimmer,apq11Shimmer,ddaShimmer
0,tim_681_ip-rights_con_opening_james,tim,170.95753152796723,66.2986926654171,8.269653646778048,0.02748709777155591,0.00016222826077987355,0.013049210633114032,0.01520464681813191,0.039147631899342096,0.14695587725223672,1.329566066347013,0.06256032848582846,0.08802989916345345,0.1417587241805093,0.18768098545748538
