,filename,speaker,meanF0,stdevF0,hnr,localJitter,localabsoluteJitter,rapJitter,ppq5Jitter,ddpJitter,localShimmer,localdbShimmer,apq3Shimmer,apq5Shimmer,apq11Shimmer,ddaShimmer
0,tim_3180_goal-line_con_opening_yaar,tim,178.44234350171337,57.04818774176207,9.174785273997976,0.0261238521549442,0.0001472930394901439,0.011766204184241916,0.013425063904512589,0.03529861255272575,0.12418865864472033,1.195031133679262,0.05076028873038281,0.07280256968988015,0.12917925140792194,0.15228086619114845
