,filename,speaker,meanF0,stdevF0,hnr,localJitter,localabsoluteJitter,rapJitter,ppq5Jitter,ddpJitter,localShimmer,localdbShimmer,apq3Shimmer,apq5Shimmer,apq11Shimmer,ddaShimmer
0,tim_3169_atheism_pro_opening,tim,162.84719669162897,55.22168611442859,8.457354136128497,0.02591828382258019,0.00016044081679826954,0.011533335654743942,0.013551932993416074,0.03460000696423182,0.1357832313629772,1.2424134622719085,0.054674960432458584,0.07756696164794344,0.13586901393747627,0.16402488129737575
