,filename,speaker,meanF0,stdevF0,hnr,localJitter,localabsoluteJitter,rapJitter,ppq5Jitter,ddpJitter,localShimmer,localdbShimmer,apq3Shimmer,apq5Shimmer,apq11Shimmer,ddaShimmer
0,tim_3181_same-sex-marriage_con_opening_will,tim,179.3608373948073,56.43508453719709,9.999353351269411,0.02568866329147374,0.00014398413270492026,0.011426989957058974,0.013084786089857737,0.034280969871176924,0.12821264975374574,1.2175978441493351,0.0537504742732705,0.07613154448239941,0.13007788267566914,0.1612514228198115
