,filename,speaker,meanF0,stdevF0,hnr,localJitter,localabsoluteJitter,rapJitter,ppq5Jitter,ddpJitter,localShimmer,localdbShimmer,apq3Shimmer,apq5Shimmer,apq11Shimmer,ddaShimmer
0,tim_2185_unconventional-oil_con_opening_daniel,tim,164.25166269709186,67.53439082952836,7.40544717176778,0.029050998303331778,0.00017869391141582658,0.014251918273284864,0.016114537642231697,0.042755754819854594,0.16477548261847536,1.4619035127168059,0.07490795830179736,0.10280440775273479,0.1702928053985413,0.22472387490539208
