,filename,speaker,meanF0,stdevF0,hnr,localJitter,localabsoluteJitter,rapJitter,ppq5Jitter,ddpJitter,localShimmer,localdbShimmer,apq3Shimmer,apq5Shimmer,apq11Shimmer,ddaShimmer
0,tim_881_holocaust-denial_pro_opening,tim,162.51635180527174,56.46666672865723,9.195977117661778,0.026228003022072757,0.00016249397572908912,0.011833562460601448,0.013520356383878359,0.03550068738180434,0.1396854413679229,1.2703959974743628,0.05806888252900693,0.08119773329880386,0.13744019900205084,0.17420664758702079
