,filename,speaker,meanF0,stdevF0,hnr,localJitter,localabsoluteJitter,rapJitter,ppq5Jitter,ddpJitter,localShimmer,localdbShimmer,apq3Shimmer,apq5Shimmer,apq11Shimmer,ddaShimmer
0,tim_2488_un-veto_pro_opening,tim,159.69312822553678,49.962584338409684,8.370271193275329,0.022288273446133842,0.0001404613883964405,0.009819650248146381,0.01159117206165941,0.029458950744439143,0.1329930699290018,1.216103241516223,0.053741490992631334,0.07558965796624614,0.13471251719863145,0.161224472977894
