,filename,speaker,meanF0,stdevF0,hnr,localJitter,localabsoluteJitter,rapJitter,ppq5Jitter,ddpJitter,localShimmer,localdbShimmer,apq3Shimmer,apq5Shimmer,apq11Shimmer,ddaShimmer
0,tim_1902_ivory-trade_con_opening_yaar,tim,149.15234194519383,50.3735544762861,9.442516750112341,0.025001357916960062,0.00016875450308669483,0.010788759275749411,0.01248175842695234,0.032366277827248234,0.13640204857211405,1.2227580169560195,0.057979451302483685,0.07775757297573041,0.1303578291305185,0.17393835390745105
