,filename,speaker,meanF0,stdevF0,hnr,localJitter,localabsoluteJitter,rapJitter,ppq5Jitter,ddpJitter,localShimmer,localdbShimmer,apq3Shimmer,apq5Shimmer,apq11Shimmer,ddaShimmer
0,tim_3175_abstinence-only_con_opening_james,tim,164.85198771743956,53.19468636991341,7.1821399765773295,0.028819965800516604,0.00017579825001523718,0.013832567624285324,0.0161140507271267,0.04149770287285597,0.1525329035741096,1.3733928765897714,0.06729036822786925,0.09405657480974008,0.15895489575203778,0.20187110468360775
