,filename,speaker,meanF0,stdevF0,hnr,localJitter,localabsoluteJitter,rapJitter,ppq5Jitter,ddpJitter,localShimmer,localdbShimmer,apq3Shimmer,apq5Shimmer,apq11Shimmer,ddaShimmer
0,tim_3168_year-round-school_pro_opening,tim,165.58495585092624,55.49202805769731,6.864534956346019,0.02830615855190309,0.00017165264600785282,0.013692933101525178,0.01584926435036586,0.04107879930457553,0.15804245363118277,1.4113766301803174,0.06977101092829598,0.09753695853813066,0.15338722003012484,0.20931303278488794
