,filename,speaker,meanF0,stdevF0,hnr,localJitter,localabsoluteJitter,rapJitter,ppq5Jitter,ddpJitter,localShimmer,localdbShimmer,apq3Shimmer,apq5Shimmer,apq11Shimmer,ddaShimmer
0,tim_683_windpower_con_opening_hayah,tim,172.4551202672737,49.18497778719989,9.43853619633119,0.02582092423499947,0.00015060720771719504,0.01154876148484175,0.013329095701058542,0.03464628445452525,0.1302186355751862,1.237707551523998,0.05330246933817644,0.07753550017948663,0.13614463719405284,0.15990740801452932
