,filename,speaker,meanF0,stdevF0,hnr,localJitter,localabsoluteJitter,rapJitter,ppq5Jitter,ddpJitter,localShimmer,localdbShimmer,apq3Shimmer,apq5Shimmer,apq11Shimmer,ddaShimmer
0,tim_1264_human-cloning_pro_opening,tim,155.4816541591222,47.76752401306431,8.701370786541432,0.026984380260632622,0.0001742922133308872,0.012670142401330443,0.014323986594791987,0.03801042720399133,0.1469687113391919,1.3437299584531441,0.062098348595163735,0.08776981163791739,0.14899966643491339,0.18629504578549122
