,filename,speaker,meanF0,stdevF0,hnr,localJitter,localabsoluteJitter,rapJitter,ppq5Jitter,ddpJitter,localShimmer,localdbShimmer,apq3Shimmer,apq5Shimmer,apq11Shimmer,ddaShimmer
0,tim_986_polygamy_pro_opening,tim,155.98263365241297,55.78004685209623,9.062997333403759,0.02693456613004595,0.00017402710721341186,0.012567882877169072,0.014072820125651166,0.037703648631507214,0.1475139553214696,1.2911084564278932,0.0637217899079423,0.0849591357583792,0.1324012518429001,0.19116536972382692
