,filename,speaker,meanF0,stdevF0,hnr,localJitter,localabsoluteJitter,rapJitter,ppq5Jitter,ddpJitter,localShimmer,localdbShimmer,apq3Shimmer,apq5Shimmer,apq11Shimmer,ddaShimmer
0,will_2488_un-veto_con_opening_james,will,142.01674854127359,48.98288316659404,11.109265541360983,0.031119613855953198,0.00022141021239889655,0.012234507570191356,0.014081378408688557,0.03670352271057407,0.09896769710226576,0.9068308860867706,0.03454514920539271,0.05458449553091111,0.10648309100805646,0.10363544761617813
