,filename,speaker,meanF0,stdevF0,hnr,localJitter,localabsoluteJitter,rapJitter,ppq5Jitter,ddpJitter,localShimmer,localdbShimmer,apq3Shimmer,apq5Shimmer,apq11Shimmer,ddaShimmer
0,will_1902_ivory-trade_pro_opening,will,142.65385569307807,51.729109756812434,12.022814454862464,0.02933745052867416,0.0002079499720575794,0.011043106489954553,0.012302180463471672,0.03312931946986366,0.09365489764987495,0.8884605689034861,0.02997829853391093,0.046969025870400666,0.09926827262820183,0.08993489560173279
