,filename,speaker,meanF0,stdevF0,hnr,localJitter,localabsoluteJitter,rapJitter,ppq5Jitter,ddpJitter,localShimmer,localdbShimmer,apq3Shimmer,apq5Shimmer,apq11Shimmer,ddaShimmer
0,will_1661_school-uniforms_con_opening_james,will,129.271012313885,45.81419647232775,13.7428164447655,0.0317146234428844,0.000247668412060114,0.01270687396187792,0.01252591738077787,0.03812062188563376,0.09042733906615877,0.8525571582708993,0.02929001657443156,0.04405706953374025,0.0926535213444467,0.08787004972329468
