,filename,speaker,meanF0,stdevF0,hnr,localJitter,localabsoluteJitter,rapJitter,ppq5Jitter,ddpJitter,localShimmer,localdbShimmer,apq3Shimmer,apq5Shimmer,apq11Shimmer,ddaShimmer
0,will_81_physical-education_pro_opening,will,131.45232302180938,40.83817201444502,11.75221591192525,0.02768670880747584,0.00021263679681855847,0.01002248936902214,0.011746195166044174,0.030067468107066418,0.09719715871437856,0.9051418105257207,0.03077112836939053,0.04968257918434525,0.10420295192065382,0.0923133851081716
