,filename,speaker,meanF0,stdevF0,hnr,localJitter,localabsoluteJitter,rapJitter,ppq5Jitter,ddpJitter,localShimmer,localdbShimmer,apq3Shimmer,apq5Shimmer,apq11Shimmer,ddaShimmer
0,will_881_holocaust-denial_con_opening_rachel,will,129.58400680058705,49.12173910489235,12.412533536758488,0.029959798869322152,0.00023426304519881037,0.011040243835418342,0.012608422084648206,0.033120731506255024,0.09938540585578418,0.9372125931584484,0.031001217295448927,0.05009253360470752,0.10627064591611049,0.09300365188634678
