,filename,speaker,meanF0,stdevF0,hnr,localJitter,localabsoluteJitter,rapJitter,ppq5Jitter,ddpJitter,localShimmer,localdbShimmer,apq3Shimmer,apq5Shimmer,apq11Shimmer,ddaShimmer
0,will_2483_anonymous-posts_con_opening_james,will,140.3169590540749,54.47760364760594,12.534946812150583,0.02923374078903831,0.0002108622601679581,0.010745220058968467,0.011849002186792428,0.0322356601769054,0.09724632857781645,0.9158085452295485,0.030605344132176377,0.048100010500621404,0.0965722879908582,0.09181603239652913
