,filename,speaker,meanF0,stdevF0,hnr,localJitter,localabsoluteJitter,rapJitter,ppq5Jitter,ddpJitter,localShimmer,localdbShimmer,apq3Shimmer,apq5Shimmer,apq11Shimmer,ddaShimmer
0,will_1187_cannabis_con_opening_daniel,will,144.6098780471088,51.49338395634555,10.82402098647502,0.032317997368294556,0.00022581609716106462,0.012639067554991475,0.014342666649514025,0.03791720266497443,0.10135118097720491,0.9263236142878495,0.03614251580306615,0.057733164888794944,0.11051752515098781,0.10842754740919844
