,filename,speaker,meanF0,stdevF0,hnr,localJitter,localabsoluteJitter,rapJitter,ppq5Jitter,ddpJitter,localShimmer,localdbShimmer,apq3Shimmer,apq5Shimmer,apq11Shimmer,ddaShimmer
0,will_3169_atheism_con_opening_james,will,175.81233301047328,66.5256052095036,13.472352166912136,0.023866964641540117,0.00013737845544725143,0.00823872206117492,0.009781314779342704,0.02471616618352476,0.09153060054428662,0.8692269578019369,0.027570732147644005,0.044538510784320154,0.09268791972306373,0.08271219644293201
