,filename,speaker,meanF0,stdevF0,hnr,localJitter,localabsoluteJitter,rapJitter,ppq5Jitter,ddpJitter,localShimmer,localdbShimmer,apq3Shimmer,apq5Shimmer,apq11Shimmer,ddaShimmer
0,will_2483_anonymous-posts_pro_opening,will,132.26085626919797,48.09606337230115,11.830775668792212,0.030323807455917316,0.0002319113830216118,0.011230703572501093,0.012601795136602109,0.033692110717503276,0.09134725112659085,0.8760373720839819,0.029173863477641063,0.04593897794418565,0.09837854645989236,0.0875215904329232
