,filename,speaker,meanF0,stdevF0,hnr,localJitter,localabsoluteJitter,rapJitter,ppq5Jitter,ddpJitter,localShimmer,localdbShimmer,apq3Shimmer,apq5Shimmer,apq11Shimmer,ddaShimmer
0,will_1243_three-strikes_pro_opening,will,144.8485902244081,55.96351981950772,11.462984380630433,0.03254465087727748,0.00022746570166854167,0.012294337544074664,0.013027515442775426,0.036883012632223995,0.09763046738462317,0.9152776543393573,0.032433581060332214,0.04963765278674046,0.10100183988555198,0.09730074318099664
