,filename,speaker,meanF0,stdevF0,hnr,localJitter,localabsoluteJitter,rapJitter,ppq5Jitter,ddpJitter,localShimmer,localdbShimmer,apq3Shimmer,apq5Shimmer,apq11Shimmer,ddaShimmer
0,will_3162_multiculturalism_pro_opening,will,139.99202831616512,52.6902568932731,12.47906476552649,0.028362851564707768,0.0002046209895675777,0.010534612382647092,0.011726358829548639,0.03160383714794127,0.09268616865211746,0.8951883824020905,0.02883528877359335,0.04520136274405582,0.0939991399490821,0.08650586632078006
