,filename,speaker,meanF0,stdevF0,hnr,localJitter,localabsoluteJitter,rapJitter,ppq5Jitter,ddpJitter,localShimmer,localdbShimmer,apq3Shimmer,apq5Shimmer,apq11Shimmer,ddaShimmer
0,will_3182_universal-health-care_con_opening_james,will,150.63643412661233,52.68890650228269,13.01441408060885,0.030763097496940953,0.00020682575860548523,0.011203479760384329,0.01161656256277988,0.03361043928115299,0.09303723760078923,0.8571871325618364,0.02973797474573174,0.04621705825871449,0.09460891847835576,0.08921392423719522
