,filename,speaker,meanF0,stdevF0,hnr,localJitter,localabsoluteJitter,rapJitter,ppq5Jitter,ddpJitter,localShimmer,localdbShimmer,apq3Shimmer,apq5Shimmer,apq11Shimmer,ddaShimmer
0,will_1542_libertarian_pro_opening,will,146.54132152718333,58.476297244884506,12.059771591416645,0.029403677745469578,0.00020350509690048577,0.010290894285812808,0.01198390148282869,0.030872682857438424,0.09912432727845302,0.9379695975074165,0.03157024323068277,0.04908618188349183,0.10283419001295373,0.0947107296920483
