,filename,speaker,meanF0,stdevF0,hnr,localJitter,localabsoluteJitter,rapJitter,ppq5Jitter,ddpJitter,localShimmer,localdbShimmer,apq3Shimmer,apq5Shimmer,apq11Shimmer,ddaShimmer
0,will_1963_bullfighting_con_opening_james,will,141.01132991619008,46.046120181385135,12.794038193742674,0.027629527422991674,0.0001977304857379819,0.010036437009835076,0.011309422600886297,0.030109311029505228,0.0924058120415614,0.8525400221865848,0.02876810703898704,0.046489098503762025,0.09411324352986589,0.08630432111696112
