,filename,speaker,meanF0,stdevF0,hnr,localJitter,localabsoluteJitter,rapJitter,ppq5Jitter,ddpJitter,localShimmer,localdbShimmer,apq3Shimmer,apq5Shimmer,apq11Shimmer,ddaShimmer
0,will_3175_abstinence-only_pro_opening,will,143.461397152362,60.00641515221105,12.329183536937679,0.031566759959243296,0.0002234579775135013,0.01119700405857694,0.01274147434890533,0.03359101217573082,0.09555317545576991,0.9182769133311623,0.02980955475889683,0.047069214571330474,0.09931821712891283,0.0894286642766905
