,filename,speaker,meanF0,stdevF0,hnr,localJitter,localabsoluteJitter,rapJitter,ppq5Jitter,ddpJitter,localShimmer,localdbShimmer,apq3Shimmer,apq5Shimmer,apq11Shimmer,ddaShimmer
0,will_1161_cosmetic-surgery_pro_opening,will,133.43398548443045,53.25449835315877,11.549777647164296,0.031603080042598854,0.00023929639386755316,0.012223536574557756,0.014065374020945754,0.03667060972367327,0.09701563060754122,0.8886058870314508,0.033458954483787225,0.05360735938515135,0.10166746038583302,0.10037686345136168
