,filename,speaker,meanF0,stdevF0,hnr,localJitter,localabsoluteJitter,rapJitter,ppq5Jitter,ddpJitter,localShimmer,localdbShimmer,apq3Shimmer,apq5Shimmer,apq11Shimmer,ddaShimmer
0,will_1103_anti-social_con_opening_james,will,135.1544484773756,50.13534702167743,12.180715809530188,0.031268789442279406,0.00023398856357816395,0.01216063701624659,0.01249126599863827,0.03648191104873977,0.09472045356549028,0.8910126253033558,0.03105674374403432,0.04701021082410092,0.09771396664723767,0.09317023123210297
