,filename,speaker,meanF0,stdevF0,hnr,localJitter,localabsoluteJitter,rapJitter,ppq5Jitter,ddpJitter,localShimmer,localdbShimmer,apq3Shimmer,apq5Shimmer,apq11Shimmer,ddaShimmer
0,will_1961_sex-education_con_opening_james,will,138.09791788336673,59.69338685705957,11.384759928343806,0.031355157908199996,0.00023066376505573766,0.012389017153069004,0.013369015285065771,0.03716705145920701,0.09577093973899366,0.9230808826144076,0.030442225531748295,0.04794586190147969,0.10320263803335428,0.09132667659524488
