,filename,speaker,meanF0,stdevF0,hnr,localJitter,localabsoluteJitter,rapJitter,ppq5Jitter,ddpJitter,localShimmer,localdbShimmer,apq3Shimmer,apq5Shimmer,apq11Shimmer,ddaShimmer
0,will_3181_same-sex-marriage_pro_opening,will,153.6316055109941,55.85951731288626,10.199956465205961,0.030663168235638603,0.00020134359507140178,0.01199926894440972,0.01442689012460648,0.03599780683322916,0.10589451443645419,0.9600311963698004,0.03827003543358798,0.059818687176801555,0.1114511220909739,0.11481010630076394
