,filename,speaker,meanF0,stdevF0,hnr,localJitter,localabsoluteJitter,rapJitter,ppq5Jitter,ddpJitter,localShimmer,localdbShimmer,apq3Shimmer,apq5Shimmer,apq11Shimmer,ddaShimmer
0,will_2559_nato_con_opening_james,will,146.42926788160312,56.20825685769281,12.975682503103894,0.02725076848335135,0.00018853133631392335,0.010058820874139793,0.010984704203258162,0.03017646262241938,0.09188011445651773,0.8619860270753611,0.029636727233130624,0.04706758151041985,0.09259075578840223,0.08891018169939187
