,filename,speaker,meanF0,stdevF0,hnr,localJitter,localabsoluteJitter,rapJitter,ppq5Jitter,ddpJitter,localShimmer,localdbShimmer,apq3Shimmer,apq5Shimmer,apq11Shimmer,ddaShimmer
0,will_1401_vegetarianism_pro_opening,will,136.11962604425148,44.813303894522676,11.76075364419934,0.029268043465547445,0.0002167425290558894,0.010887195286158611,0.012307922433388664,0.03266158585847583,0.09671065436705825,0.900173965337049,0.03042928008605036,0.04818928843509921,0.09875492628288787,0.09128784025815108
