,filename,speaker,meanF0,stdevF0,hnr,localJitter,localabsoluteJitter,rapJitter,ppq5Jitter,ddpJitter,localShimmer,localdbShimmer,apq3Shimmer,apq5Shimmer,apq11Shimmer,ddaShimmer
0,will_3180_goal-line_con_opening_james,will,125.6722913908974,47.2539510807953,13.206599895162185,0.03426244516145762,0.00027516937695342005,0.013432927671187473,0.013357912796630358,0.04029878301356242,0.09163504387718935,0.8625034473563404,0.029539724495473804,0.044780601072446545,0.08470563303318464,0.08861917348642141
