,filename,speaker,meanF0,stdevF0,hnr,localJitter,localabsoluteJitter,rapJitter,ppq5Jitter,ddpJitter,localShimmer,localdbShimmer,apq3Shimmer,apq5Shimmer,apq11Shimmer,ddaShimmer
0,will_2110_age-of-consent_pro_opening,will,144.24731193937913,44.80397031559542,15.248954495817266,0.022674571581731223,0.00015852478942990494,0.007493069379063884,0.009290510892988428,0.022479208137191654,0.10168822790580415,0.930903509857852,0.032975883786640674,0.05049743418691266,0.09271288368226029,0.09892765135992201
