,filename,speaker,meanF0,stdevF0,hnr,localJitter,localabsoluteJitter,rapJitter,ppq5Jitter,ddpJitter,localShimmer,localdbShimmer,apq3Shimmer,apq5Shimmer,apq11Shimmer,ddaShimmer
0,will_2481_fraternities_pro_opening,will,136.85913040192625,55.39539062434717,12.923654407239932,0.03502967301392407,0.0002597882953808064,0.013001700641945783,0.01451927951319628,0.03900510192583735,0.09851455498955514,0.9277217666006597,0.032539017715025,0.05002587909520337,0.09567796439237647,0.097617053145075
