,filename,speaker,meanF0,stdevF0,hnr,localJitter,localabsoluteJitter,rapJitter,ppq5Jitter,ddpJitter,localShimmer,localdbShimmer,apq3Shimmer,apq5Shimmer,apq11Shimmer,ddaShimmer
0,will_381_monarchy_con_opening_yaar,will,130.91197255702275,49.906860964458915,11.449178488803067,0.03056670209842465,0.00023603198964148258,0.011595052081507528,0.013346099844325379,0.03478515624452258,0.1036942741482056,0.991584564846847,0.03342559313819781,0.052683823026955914,0.10946839692055818,0.10027677941459343
