,filename,speaker,meanF0,stdevF0,hnr,localJitter,localabsoluteJitter,rapJitter,ppq5Jitter,ddpJitter,localShimmer,localdbShimmer,apq3Shimmer,apq5Shimmer,apq11Shimmer,ddaShimmer
0,will_3183_racial-profiling_pro_opening,will,141.0403071439062,57.377580488385505,11.534924575313006,0.03176055264632142,0.00022831386734900003,0.011293081233461245,0.012525949922336122,0.033879243700383734,0.09633966874989362,0.9185899114550784,0.029789677042413688,0.047249947565162244,0.09677225185413173,0.08936903112724107
