,filename,speaker,meanF0,stdevF0,hnr,localJitter,localabsoluteJitter,rapJitter,ppq5Jitter,ddpJitter,localShimmer,localdbShimmer,apq3Shimmer,apq5Shimmer,apq11Shimmer,ddaShimmer
0,will_642_partial-birth-abortions_con_opening_tim,will,137.99436923135696,50.595567269653195,12.276305533376462,0.029227544543772268,0.0002144554473448047,0.010305398547144058,0.012030795904361591,0.030916195641432172,0.10027179290754733,0.9572943292540709,0.031480078023075495,0.05079201157769038,0.1092809610377755,0.09444023406922648
