,filename,speaker,meanF0,stdevF0,hnr,localJitter,localabsoluteJitter,rapJitter,ppq5Jitter,ddpJitter,localShimmer,localdbShimmer,apq3Shimmer,apq5Shimmer,apq11Shimmer,ddaShimmer
0,will_121_ban-boxing_con_opening_james,will,157.3173478520527,51.60240952126383,11.903346593631223,0.025032348016147003,0.00016112914405914532,0.008966432731453965,0.011137843410497708,0.026899298194361897,0.10032402177992723,0.8871232675201214,0.035847526919223605,0.05607877971278252,0.10447238786838009,0.10754258075767081
