,filename,speaker,meanF0,stdevF0,hnr,localJitter,localabsoluteJitter,rapJitter,ppq5Jitter,ddpJitter,localShimmer,localdbShimmer,apq3Shimmer,apq5Shimmer,apq11Shimmer,ddaShimmer
0,will_1187_cannabis_pro_opening,will,138.76000103393753,47.29913561310661,10.651213805606265,0.032251309403737674,0.00023472833747622434,0.012570557120144982,0.015073829728295005,0.03771167136043495,0.10696797942177304,0.9771880871317068,0.036532925316751085,0.05937506631684296,0.11870160966030137,0.10959877595025325
