,filename,speaker,meanF0,stdevF0,hnr,localJitter,localabsoluteJitter,rapJitter,ppq5Jitter,ddpJitter,localShimmer,localdbShimmer,apq3Shimmer,apq5Shimmer,apq11Shimmer,ddaShimmer
0,will_994_hydroelectric-dams_con_opening_james,will,118.7177755739678,37.382527422659635,12.524816696531246,0.033042499558231,0.0002804072963144828,0.013341075738533029,0.0134634887582915,0.04002322721559909,0.0901548635498399,0.8382314013092944,0.030571350046283034,0.04628462560182352,0.09471300846415778,0.0917140501388491
