,filename,speaker,meanF0,stdevF0,hnr,localJitter,localabsoluteJitter,rapJitter,ppq5Jitter,ddpJitter,localShimmer,localdbShimmer,apq3Shimmer,apq5Shimmer,apq11Shimmer,ddaShimmer
0,will_3184_internet-censorship_con_opening_james,will,133.40768198383785,48.41342239792836,12.639905788002382,0.03146811696697855,0.00023831984286263276,0.011759538608598026,0.013190942177131295,0.03527861582579408,0.09891485218311578,0.9272572251564658,0.03172591885516271,0.05090994495925481,0.10257540399098906,0.09517775656548813
