,filename,speaker,meanF0,stdevF0,hnr,localJitter,localabsoluteJitter,rapJitter,ppq5Jitter,ddpJitter,localShimmer,localdbShimmer,apq3Shimmer,apq5Shimmer,apq11Shimmer,ddaShimmer
0,will_2110_age-of-consent_con_opening_james,will,121.32225243911522,42.295251513114465,13.463764207003804,0.03572823768729024,0.0002980287846542944,0.014797311220025465,0.014942912084342355,0.0443919336600764,0.09599919357044495,0.861226699149733,0.033692840782158874,0.05032761309143995,0.08872164241965766,0.10107852234647663
