,filename,speaker,meanF0,stdevF0,hnr,localJitter,localabsoluteJitter,rapJitter,ppq5Jitter,ddpJitter,localShimmer,localdbShimmer,apq3Shimmer,apq5Shimmer,apq11Shimmer,ddaShimmer
0,will_1264_human-cloning_con_opening_james,will,123.31100564551171,50.53903146704345,12.2297247536953,0.03535037268441457,0.0002899685099891557,0.013879158589871826,0.014531375760841266,0.041637475769615476,0.09385683581764254,0.8765359343970685,0.0302898178161365,0.047568269248249986,0.09458993038200893,0.09086945344840949
