,filename,speaker,meanF0,stdevF0,hnr,localJitter,localabsoluteJitter,rapJitter,ppq5Jitter,ddpJitter,localShimmer,localdbShimmer,apq3Shimmer,apq5Shimmer,apq11Shimmer,ddaShimmer
0,will_1963_bullfighting_pro_opening,will,133.8959877625227,53.71246524218566,12.263410353823831,0.031391032211251585,0.00023756689783809132,0.011785375475695034,0.01356080558449866,0.035356126427085105,0.09404171201156679,0.9125361224318623,0.029880273251124544,0.04811580249882905,0.1022115225634441,0.08964081975337362
