,filename,speaker,meanF0,stdevF0,hnr,localJitter,localabsoluteJitter,rapJitter,ppq5Jitter,ddpJitter,localShimmer,localdbShimmer,apq3Shimmer,apq5Shimmer,apq11Shimmer,ddaShimmer
0,will_3183_racial-profiling_con_opening_james,will,132.73691756048856,62.07822537020102,12.295582310296796,0.03687593550780511,0.00028405493633722347,0.014167386007117238,0.015483010171476927,0.04250215802135171,0.09751460777727063,0.9274071512961999,0.03169031882946909,0.04859607961153311,0.10082386003360859,0.09507095648840727
