,filename,speaker,meanF0,stdevF0,hnr,localJitter,localabsoluteJitter,rapJitter,ppq5Jitter,ddpJitter,localShimmer,localdbShimmer,apq3Shimmer,apq5Shimmer,apq11Shimmer,ddaShimmer
0,will_986_polygamy_con_opening_james,will,137.40479588716744,45.42056226389002,13.41985303822464,0.02837333216017972,0.00020904096867874046,0.009965772407291731,0.010870573135736994,0.02989731722187519,0.0870319027920915,0.7984776101541224,0.028397467947436916,0.04263727890979464,0.08170335630100908,0.08519240384231075
