,filename,speaker,meanF0,stdevF0,hnr,localJitter,localabsoluteJitter,rapJitter,ppq5Jitter,ddpJitter,localShimmer,localdbShimmer,apq3Shimmer,apq5Shimmer,apq11Shimmer,ddaShimmer
0,will_681_ip-rights_con_opening_hayah,will,157.55078112498833,50.11191451289361,10.939601620084925,0.02734174769226174,0.00017528039265087805,0.010161901240699291,0.012413038337600801,0.030485703722097874,0.10385364431725932,0.9288116953235352,0.037341889055857426,0.05940337956943478,0.10836251816118123,0.11202566716757228
