,filename,speaker,meanF0,stdevF0,hnr,localJitter,localabsoluteJitter,rapJitter,ppq5Jitter,ddpJitter,localShimmer,localdbShimmer,apq3Shimmer,apq5Shimmer,apq11Shimmer,ddaShimmer
0,will_1542_libertarian_con_opening_daniel,will,137.82611762079938,50.54262861000718,12.147865242657508,0.031034684918790082,0.00022756409824804677,0.011353087205808339,0.01329943848798474,0.034059261617425014,0.09874021390493773,0.8921695839929978,0.034034423003953825,0.05383666836600836,0.10227239817057031,0.10210326901186148
