,filename,speaker,meanF0,stdevF0,hnr,localJitter,localabsoluteJitter,rapJitter,ppq5Jitter,ddpJitter,localShimmer,localdbShimmer,apq3Shimmer,apq5Shimmer,apq11Shimmer,ddaShimmer
0,will_2502_drinking-age_con_opening_james,will,139.98886490644995,52.567660380694974,13.161340889885928,0.03238858508968012,0.00023432319363676964,0.012171788138730181,0.012250858068342554,0.03651536441619054,0.09480889865489031,0.885031987850766,0.03167720349393159,0.04833624994582432,0.0967177055110969,0.09503161048179477
