,filename,speaker,meanF0,stdevF0,hnr,localJitter,localabsoluteJitter,rapJitter,ppq5Jitter,ddpJitter,localShimmer,localdbShimmer,apq3Shimmer,apq5Shimmer,apq11Shimmer,ddaShimmer
0,will_683_windpower_pro_opening,will,148.95451806042158,53.98349757158015,12.504819778746452,0.0264369371622454,0.00017993725997391836,0.008889680541300406,0.010350274003571837,0.02666904162390122,0.09039263571721118,0.8406281342447652,0.028367831781657173,0.04499536847201107,0.09048540074790616,0.08510349534497152
