,filename,speaker,meanF0,stdevF0,hnr,localJitter,localabsoluteJitter,rapJitter,ppq5Jitter,ddpJitter,localShimmer,localdbShimmer,apq3Shimmer,apq5Shimmer,apq11Shimmer,ddaShimmer
0,yaar_1264_human-cloning_con_opening_tim,yaar,112.22624850473389,26.056762254669348,13.056861410093179,0.03089327848487205,0.0002760169925492176,0.012834750359172736,0.013743271130591546,0.0385042510775182,0.11995985644807956,1.132651376235112,0.049312098871476515,0.06801786632016994,0.11269070012140842,0.14793629661442953
