,filename,speaker,meanF0,stdevF0,hnr,localJitter,localabsoluteJitter,rapJitter,ppq5Jitter,ddpJitter,localShimmer,localdbShimmer,apq3Shimmer,apq5Shimmer,apq11Shimmer,ddaShimmer
0,yaar_221_ban-gambling_pro_opening,yaar,122.12843899345464,34.23439177048283,8.147089551020015,0.03188405127904073,0.0002619890734994181,0.015796697653402608,0.018641451410115382,0.047390092960207825,0.16788434686347115,1.5074403531421152,0.07608106022290576,0.11065436828554635,0.18183435962140196,0.22824318066871727
