,filename,speaker,meanF0,stdevF0,hnr,localJitter,localabsoluteJitter,rapJitter,ppq5Jitter,ddpJitter,localShimmer,localdbShimmer,apq3Shimmer,apq5Shimmer,apq11Shimmer,ddaShimmer
0,yaar_1322_beauty-pageants_con_opening_eitan,yaar,134.18979815153165,66.70158617734857,9.785374684621173,0.0312109430716164,0.00023858376802449638,0.013763066294620733,0.014996708457521293,0.0412891988838622,0.14440080038095562,1.3152548156172408,0.06555321538748096,0.09221790061637766,0.14709718388124093,0.19665964616244289
