,filename,speaker,meanF0,stdevF0,hnr,localJitter,localabsoluteJitter,rapJitter,ppq5Jitter,ddpJitter,localShimmer,localdbShimmer,apq3Shimmer,apq5Shimmer,apq11Shimmer,ddaShimmer
0,yaar_2502_drinking-age_con_opening_daniel,yaar,128.16579924315707,43.12479716207254,9.394067842169028,0.025596522844736104,0.00020170235919272954,0.011641444779528812,0.013343626358735068,0.03492433433858644,0.13033314544618146,1.2036358930921707,0.05704496415076778,0.0801293356719168,0.13230084401456765,0.17113489245230334
