,filename,speaker,meanF0,stdevF0,hnr,localJitter,localabsoluteJitter,rapJitter,ppq5Jitter,ddpJitter,localShimmer,localdbShimmer,apq3Shimmer,apq5Shimmer,apq11Shimmer,ddaShimmer
0,yaar_3180_goal-line_pro_opening,yaar,122.86125208045476,59.691361548297536,10.209860570037593,0.03339108270308237,0.0002792051574055346,0.015231984437369235,0.015194009956992731,0.045695953312107705,0.14468060612989633,1.3127166417457448,0.07198056938127671,0.08299692820337047,0.11700067064739667,0.21594170814383012
