,filename,speaker,meanF0,stdevF0,hnr,localJitter,localabsoluteJitter,rapJitter,ppq5Jitter,ddpJitter,localShimmer,localdbShimmer,apq3Shimmer,apq5Shimmer,apq11Shimmer,ddaShimmer
0,yaar_1250_transfat_pro_opening,yaar,127.6420420128585,40.5862790938811,8.943837916770379,0.030718944678030668,0.000242274681164525,0.013294253840697124,0.015601073447126537,0.03988276152209137,0.13374550881162686,1.2421152312347137,0.058453919426214286,0.08165760913721337,0.13239592103983225,0.17536175827864287
