,filename,speaker,meanF0,stdevF0,hnr,localJitter,localabsoluteJitter,rapJitter,ppq5Jitter,ddpJitter,localShimmer,localdbShimmer,apq3Shimmer,apq5Shimmer,apq11Shimmer,ddaShimmer
0,yaar_3168_year-round-school_con_opening_tim,yaar,127.29876583924603,43.32562255716901,10.485286361731411,0.028706590104807327,0.00022700539730309384,0.01245329765295245,0.01418532317995677,0.037359892958857346,0.13682266358873968,1.2505299543283377,0.05935483555901345,0.08517288232100216,0.1365493177322311,0.17806450667704035
