,filename,speaker,meanF0,stdevF0,hnr,localJitter,localabsoluteJitter,rapJitter,ppq5Jitter,ddpJitter,localShimmer,localdbShimmer,apq3Shimmer,apq5Shimmer,apq11Shimmer,ddaShimmer
0,yaar_926_asean_pro_opening,yaar,115.58211650111478,28.761153848646675,12.39269979097064,0.027270642164634196,0.000236688119496328,0.011352865431712498,0.01235197091542923,0.034058596295137494,0.10619164924950365,1.0206438037376535,0.04097080122791527,0.05731631115546669,0.10004960018652921,0.12291240368374581
