,filename,speaker,meanF0,stdevF0,hnr,localJitter,localabsoluteJitter,rapJitter,ppq5Jitter,ddpJitter,localShimmer,localdbShimmer,apq3Shimmer,apq5Shimmer,apq11Shimmer,ddaShimmer
0,yaar_1161_cosmetic-surgery_con_opening_daniel,yaar,141.62362489641373,67.6846257185073,8.08465057703151,0.03334541752531967,0.00024193968504285468,0.014906710722947985,0.01742095884523618,0.044720132168843955,0.16014548901869832,1.4204702693776947,0.07558341753777101,0.11055177824060679,0.164949041266376,0.22675025261331302
