,filename,speaker,meanF0,stdevF0,hnr,localJitter,localabsoluteJitter,rapJitter,ppq5Jitter,ddpJitter,localShimmer,localdbShimmer,apq3Shimmer,apq5Shimmer,apq11Shimmer,ddaShimmer
0,yaar_3163_asylum_con_opening_james,yaar,122.65808600047953,40.619783347888905,8.953978171038155,0.03251499192481879,0.0002663722005274905,0.01600318090063183,0.01871029358524851,0.04800954270189549,0.15787168079880284,1.4252090241181787,0.07135248066738357,0.10282627552087141,0.16188760640214708,0.2140574420021507
