,filename,speaker,meanF0,stdevF0,hnr,localJitter,localabsoluteJitter,rapJitter,ppq5Jitter,ddpJitter,localShimmer,localdbShimmer,apq3Shimmer,apq5Shimmer,apq11Shimmer,ddaShimmer
0,yaar_1250_transfat_con_opening_daniel,yaar,122.65990387174118,32.5490859067936,11.454735460098123,0.031209940811437863,0.0002558716102843169,0.013883115157595495,0.014624064228140946,0.04164934547278649,0.13167466163613856,1.2240562457686779,0.05885039656301512,0.0782549761745845,0.12227009854500312,0.17655118968904537
