,filename,speaker,meanF0,stdevF0,hnr,localJitter,localabsoluteJitter,rapJitter,ppq5Jitter,ddpJitter,localShimmer,localdbShimmer,apq3Shimmer,apq5Shimmer,apq11Shimmer,ddaShimmer
0,yaar_1902_ivory-trade_pro_opening,yaar,115.06341653005178,27.486529148553345,12.459366814702646,0.034034179186136784,0.00029628997668586774,0.01475778381120031,0.01664697933404406,0.04427335143360093,0.11692042615247,1.1003314157427933,0.04667665342788012,0.06750284070234559,0.11579567463339273,0.14002996028364034
