,filename,speaker,meanF0,stdevF0,hnr,localJitter,localabsoluteJitter,rapJitter,ppq5Jitter,ddpJitter,localShimmer,localdbShimmer,apq3Shimmer,apq5Shimmer,apq11Shimmer,ddaShimmer
0,yaar_1243_three-strikes_pro_opening,yaar,132.7513569286901,41.532435302490704,9.144441614417172,0.02697707955938915,0.0002046096259911285,0.011698075011542736,0.013697737419984327,0.03509422503462821,0.13688840673831845,1.2541644039117228,0.0597632882622216,0.08261270543547439,0.131245963641623,0.1792898647866648
