,filename,speaker,meanF0,stdevF0,hnr,localJitter,localabsoluteJitter,rapJitter,ppq5Jitter,ddpJitter,localShimmer,localdbShimmer,apq3Shimmer,apq5Shimmer,apq11Shimmer,ddaShimmer
0,yaar_2526_double-jeopardy_con_opening_rachel,yaar,125.12575673987072,69.02611131238261,8.850237858366699,0.034649655529211114,0.00028930057007378374,0.016246520580445893,0.017114664870291674,0.04873956174133768,0.1766521360152861,1.5279910152976692,0.09247230656024388,0.1093123212876322,0.1575747095369197,0.2774169196807317
