,filename,speaker,meanF0,stdevF0,hnr,localJitter,localabsoluteJitter,rapJitter,ppq5Jitter,ddpJitter,localShimmer,localdbShimmer,apq3Shimmer,apq5Shimmer,apq11Shimmer,ddaShimmer
0,yaar_2559_nato_pro_opening,yaar,127.94062058087552,55.6364421320528,10.618931616858905,0.02942257660942446,0.00023552690296346486,0.01325974669589517,0.013994991040135369,0.03977924008768551,0.1455410422577787,1.3147953034478381,0.06856528763781851,0.08692290053859902,0.1384249381917548,0.20569586291345554
