,filename,speaker,meanF0,stdevF0,hnr,localJitter,localabsoluteJitter,rapJitter,ppq5Jitter,ddpJitter,localShimmer,localdbShimmer,apq3Shimmer,apq5Shimmer,apq11Shimmer,ddaShimmer
0,yaar_1103_anti-social_con_opening_tim,yaar,125.36163883617083,46.22673617037632,8.550468692556894,0.0268874664645894,0.0002166977921635494,0.011792294936619083,0.01372369239712245,0.03537688480985725,0.1387835261575012,1.2630097593521992,0.06243169339262967,0.08504058230353313,0.13213846797551404,0.187295080177889
