,filename,speaker,meanF0,stdevF0,hnr,localJitter,localabsoluteJitter,rapJitter,ppq5Jitter,ddpJitter,localShimmer,localdbShimmer,apq3Shimmer,apq5Shimmer,apq11Shimmer,ddaShimmer
0,yaar_1661_school-uniforms_con_opening_daniel,yaar,148.3146572274581,94.3477621886637,9.219085571032037,0.03464326680656663,0.00024547929060084867,0.01687940772348971,0.01618563458318433,0.050638223170469135,0.17370766949022834,1.521361568061592,0.09213138845823285,0.10393035371580293,0.14492794436309486,0.2763941653746985
