,filename,speaker,meanF0,stdevF0,hnr,localJitter,localabsoluteJitter,rapJitter,ppq5Jitter,ddpJitter,localShimmer,localdbShimmer,apq3Shimmer,apq5Shimmer,apq11Shimmer,ddaShimmer
0,yaar_1961_sex-education_pro_opening,yaar,113.9535364733496,42.67365643709297,10.263964405439449,0.030993031178105448,0.0002750059374720568,0.013410319721131565,0.01505019003960702,0.0402309591633947,0.1270153189077854,1.183319237379636,0.05322510790024311,0.07387614710512498,0.11916844930441632,0.15967532370072934
