,filename,speaker,meanF0,stdevF0,hnr,localJitter,localabsoluteJitter,rapJitter,ppq5Jitter,ddpJitter,localShimmer,localdbShimmer,apq3Shimmer,apq5Shimmer,apq11Shimmer,ddaShimmer
0,yaar_381_monarchy_pro_opening,yaar,127.70086603801155,39.06226252775438,7.909507807492219,0.02799385016648701,0.0002199874908470295,0.01261614183158757,0.014465099502619375,0.03784842549476271,0.14892794146239938,1.3472007865137234,0.06803338399513026,0.09508772472525603,0.15404261937950603,0.20410015198539078
