,filename,speaker,meanF0,stdevF0,hnr,localJitter,localabsoluteJitter,rapJitter,ppq5Jitter,ddpJitter,localShimmer,localdbShimmer,apq3Shimmer,apq5Shimmer,apq11Shimmer,ddaShimmer
0,yaar_994_hydroelectric-dams_pro_opening,yaar,109.43247788150092,26.973205391717546,12.165982053558071,0.03262132772394899,0.00029904620526120085,0.01355874312668641,0.015414214009585276,0.04067622938005923,0.12421441832850713,1.1441786090871107,0.049796832786746646,0.07255241504534726,0.12441610222165159,0.14939049836023993
