,filename,speaker,meanF0,stdevF0,hnr,localJitter,localabsoluteJitter,rapJitter,ppq5Jitter,ddpJitter,localShimmer,localdbShimmer,apq3Shimmer,apq5Shimmer,apq11Shimmer,ddaShimmer
0,daniel_2402_guantanamo_pro_opening,daniel,121.1363867419638,56.516315446510546,10.475784317123571,0.021971904135293697,0.00018370593247099256,0.00934669486918749,0.010714309704309352,0.028040084607562472,0.13619864281878424,1.237174044965198,0.057379421651886225,0.07912975352931646,0.13468046259137437,0.17213826495565868
