,filename,speaker,meanF0,stdevF0,hnr,localJitter,localabsoluteJitter,rapJitter,ppq5Jitter,ddpJitter,localShimmer,localdbShimmer,apq3Shimmer,apq5Shimmer,apq11Shimmer,ddaShimmer
0,daniel_1250_transfat_pro_opening,daniel,152.79742943743196,50.74320759173418,9.275177746799127,0.02513796271766782,0.00016514012240537892,0.010723074685473235,0.012928314574190173,0.032169224056419705,0.13050038464677208,1.209164015864232,0.052373011176984244,0.07770701243947609,0.13558439866880148,0.15711903353095275
