,filename,speaker,meanF0,stdevF0,hnr,localJitter,localabsoluteJitter,rapJitter,ppq5Jitter,ddpJitter,localShimmer,localdbShimmer,apq3Shimmer,apq5Shimmer,apq11Shimmer,ddaShimmer
0,daniel_1187_cannabis_pro_opening,daniel,153.59303622605256,44.29896975629293,9.268016692080575,0.02398024794339405,0.00015667389895772572,0.010483426073625877,0.012722213848198131,0.031450278220877634,0.134692911230221,1.2387368419827027,0.051628979396140244,0.07924611313865881,0.14027810172331168,0.15488693818842073
