,filename,speaker,meanF0,stdevF0,hnr,localJitter,localabsoluteJitter,rapJitter,ppq5Jitter,ddpJitter,localShimmer,localdbShimmer,apq3Shimmer,apq5Shimmer,apq11Shimmer,ddaShimmer
0,daniel_2481_fraternities_con_opening_james,daniel,122.01301977028906,36.484889277393926,8.393413381153422,0.024063452127924923,0.00019797907109428696,0.01061762373478403,0.013148762125887122,0.03185287120435209,0.15022827255698504,1.353829804074122,0.06161446505615884,0.09057200143330314,0.15399042234564098,0.18484339516847653
