,filename,speaker,meanF0,stdevF0,hnr,localJitter,localabsoluteJitter,rapJitter,ppq5Jitter,ddpJitter,localShimmer,localdbShimmer,apq3Shimmer,apq5Shimmer,apq11Shimmer,ddaShimmer
0,daniel_683_windpower_con_opening_will,daniel,134.6167115286035,38.706905381563544,10.730626488685603,0.018398954937355293,0.0001369871309338082,0.007974813441949129,0.009591803511185359,0.02392444032584739,0.12183243762009417,1.1624975121302445,0.04674583698717072,0.07098303256427112,0.12861842404490884,0.14023751096151216
