,filename,speaker,meanF0,stdevF0,hnr,localJitter,localabsoluteJitter,rapJitter,ppq5Jitter,ddpJitter,localShimmer,localdbShimmer,apq3Shimmer,apq5Shimmer,apq11Shimmer,ddaShimmer
0,daniel_3184_internet-censorship_pro_opening,daniel,125.823481032151,53.65484835611211,10.742323754357352,0.023075896691016166,0.00018497487192644226,0.010090258808789103,0.011707363593212271,0.03027077642636731,0.1366179312728334,1.2419285216211036,0.05447941410845836,0.08171195156662607,0.14486031951960038,0.16343824232537507
