,filename,speaker,meanF0,stdevF0,hnr,localJitter,localabsoluteJitter,rapJitter,ppq5Jitter,ddpJitter,localShimmer,localdbShimmer,apq3Shimmer,apq5Shimmer,apq11Shimmer,ddaShimmer
0,daniel_2185_unconventional-oil_pro_opening,daniel,111.14620920514596,44.62052156509333,8.688523501604275,0.024536965460365334,0.0002223048635998596,0.01039231482117679,0.012722142032894608,0.03117694446353037,0.12846127210708114,1.1914596038810252,0.049772434910079454,0.07504069384386458,0.13846027519518134,0.14931730473023835
