,filename,speaker,meanF0,stdevF0,hnr,localJitter,localabsoluteJitter,rapJitter,ppq5Jitter,ddpJitter,localShimmer,localdbShimmer,apq3Shimmer,apq5Shimmer,apq11Shimmer,ddaShimmer
0,daniel_1243_three-strikes_con_opening_yaar,daniel,133.88453769319545,51.61797011985034,8.663401288109736,0.024843732544527528,0.0001867272814728987,0.010296087979792753,0.012299202212502705,0.03088826393937826,0.12904801462187845,1.2018984986580246,0.05012685779497353,0.07360511134150352,0.12903896111197832,0.15038057338492059
