,filename,speaker,meanF0,stdevF0,hnr,localJitter,localabsoluteJitter,rapJitter,ppq5Jitter,ddpJitter,localShimmer,localdbShimmer,apq3Shimmer,apq5Shimmer,apq11Shimmer,ddaShimmer
0,daniel_1661_school-uniforms_pro_opening,daniel,116.16848588194082,37.69781914728446,9.471515502416855,0.020449636160583574,0.0001767465999744778,0.00845777932992718,0.010299349377424874,0.025373337989781537,0.11538229721963938,1.1003921521631321,0.04382915387125879,0.06616102886092173,0.1261475883060783,0.13148746161377636
