,filename,speaker,meanF0,stdevF0,hnr,localJitter,localabsoluteJitter,rapJitter,ppq5Jitter,ddpJitter,localShimmer,localdbShimmer,apq3Shimmer,apq5Shimmer,apq11Shimmer,ddaShimmer
0,daniel_1346_biofuels_pro_opening,daniel,119.90060699596522,41.89437763446815,9.675575413446404,0.023543839548848373,0.0001974233727167191,0.01014132179189714,0.011928033668937707,0.03042396537569142,0.12252365331229448,1.1452334738237664,0.04585852049740996,0.07116476961501216,0.13310155877946814,0.13757556149222988
