,filename,speaker,meanF0,stdevF0,hnr,localJitter,localabsoluteJitter,rapJitter,ppq5Jitter,ddpJitter,localShimmer,localdbShimmer,apq3Shimmer,apq5Shimmer,apq11Shimmer,ddaShimmer
0,daniel_1542_libertarian_pro_opening,daniel,145.12121747320967,48.976833963105314,11.338234658309293,0.022490408741062617,0.00015585727078283474,0.009981415037661884,0.011909389421140589,0.029944245112985653,0.13451510232823485,1.2454110032236854,0.051799163143552526,0.07971064322268996,0.14337811716792456,0.15539748943065756
