,filename,speaker,meanF0,stdevF0,hnr,localJitter,localabsoluteJitter,rapJitter,ppq5Jitter,ddpJitter,localShimmer,localdbShimmer,apq3Shimmer,apq5Shimmer,apq11Shimmer,ddaShimmer
0,daniel_221_ban-gambling_pro_opening,daniel,132.70312343654325,43.98849740330565,9.633712820100037,0.024285445267249555,0.00018398587837980903,0.01023406084880207,0.012276381953252846,0.03070218254640621,0.12685236513179865,1.1861994986014894,0.04778873680678111,0.0735797654466572,0.13354855488630016,0.14336621042034334
