,filename,speaker,meanF0,stdevF0,hnr,localJitter,localabsoluteJitter,rapJitter,ppq5Jitter,ddpJitter,localShimmer,localdbShimmer,apq3Shimmer,apq5Shimmer,apq11Shimmer,ddaShimmer
0,daniel_81_physical-education_con_opening_james,daniel,135.87017027102007,44.30477107802452,9.431293287540973,0.023573295667398735,0.00017406248302955185,0.009954293716907437,0.011971796835106248,0.02986288115072231,0.12681475617472532,1.1711210251194357,0.04956830245595315,0.07351405350276721,0.1351752665498147,0.14870490736785946
