,filename,speaker,meanF0,stdevF0,hnr,localJitter,localabsoluteJitter,rapJitter,ppq5Jitter,ddpJitter,localShimmer,localdbShimmer,apq3Shimmer,apq5Shimmer,apq11Shimmer,ddaShimmer
0,daniel_2526_double-jeopardy_pro_opening,daniel,130.00012910908626,38.09149341095217,8.82115191107891,0.02370326388345359,0.00018285392067461716,0.009939250794538997,0.011906238886499634,0.029817752383616992,0.12575455602619165,1.1848995817168315,0.04772833473493201,0.07263707109266065,0.13634747177304588,0.14318500420479602
