,filename,speaker,meanF0,stdevF0,hnr,localJitter,localabsoluteJitter,rapJitter,ppq5Jitter,ddpJitter,localShimmer,localdbShimmer,apq3Shimmer,apq5Shimmer,apq11Shimmer,ddaShimmer
0,daniel_3192_compulsory-voting_pro_opening,daniel,138.18179504733783,42.689705860484295,9.58357107679778,0.022252580074173835,0.00016153355615522102,0.009505192718282528,0.011347037181760554,0.028515578154847586,0.12374979341213001,1.162090435674933,0.04732093762028572,0.0718225155542629,0.13116914160631016,0.14196281286085716
