,filename,speaker,meanF0,stdevF0,hnr,localJitter,localabsoluteJitter,rapJitter,ppq5Jitter,ddpJitter,localShimmer,localdbShimmer,apq3Shimmer,apq5Shimmer,apq11Shimmer,ddaShimmer
0,daniel_3182_universal-health-care_pro_opening,daniel,124.25918583953522,61.17071856135472,10.21899419762885,0.024601957241903102,0.00020108234128283446,0.011202188612154725,0.012603686418502945,0.033606565836464174,0.13719413410184636,1.2624476426586768,0.05688730559348265,0.0827669980302145,0.14376434758170034,0.17066191678044795
