,filename,speaker,meanF0,stdevF0,hnr,localJitter,localabsoluteJitter,rapJitter,ppq5Jitter,ddpJitter,localShimmer,localdbShimmer,apq3Shimmer,apq5Shimmer,apq11Shimmer,ddaShimmer
0,daniel_3191_recall-elections_con_opening_tim,daniel,137.68028820281071,40.236558194329255,9.961080445841532,0.020375664603336858,0.0001486283267471914,0.008932453458894896,0.01042841466529943,0.02679736037668469,0.12410421072462392,1.1773662064184454,0.047689855349369266,0.0726492845403252,0.1341029177284142,0.1430695660481078
