,filename,speaker,meanF0,stdevF0,hnr,localJitter,localabsoluteJitter,rapJitter,ppq5Jitter,ddpJitter,localShimmer,localdbShimmer,apq3Shimmer,apq5Shimmer,apq11Shimmer,ddaShimmer
0,daniel_1161_cosmetic-surgery_pro_opening,daniel,118.86583390939667,50.108596908963854,8.199545896937616,0.02441352856921079,0.0002081540161750144,0.01048566478737083,0.012913676642032882,0.031456994362112495,0.14224247209813626,1.2542277170554719,0.05931676333765516,0.0878149145469828,0.1555583171371785,0.17795029001296547
