,filename,speaker,meanF0,stdevF0,hnr,localJitter,localabsoluteJitter,rapJitter,ppq5Jitter,ddpJitter,localShimmer,localdbShimmer,apq3Shimmer,apq5Shimmer,apq11Shimmer,ddaShimmer
0,daniel_2502_drinking-age_pro_opening,daniel,140.07512641994245,44.229773045444745,9.384445212903652,0.025237531876407468,0.00018093089728691525,0.010813936595233548,0.01301973223082913,0.032441809785700645,0.13080384227990893,1.2221652923195383,0.05009444355351797,0.07647182039359422,0.13769262212481,0.1502833306605539
