,filename,speaker,meanF0,stdevF0,hnr,localJitter,localabsoluteJitter,rapJitter,ppq5Jitter,ddpJitter,localShimmer,localdbShimmer,apq3Shimmer,apq5Shimmer,apq11Shimmer,ddaShimmer
0,daniel_221_ban-gambling_con_opening_yaar,daniel,135.05096370715876,45.10617774217643,9.696733290240259,0.024472262549836733,0.00018199283735640987,0.010742144680987855,0.012477666187460202,0.03222643404296356,0.12264435788481168,1.1543953447563837,0.047430964838512765,0.07152175777314698,0.12687644675859913,0.14229289451553828
