,filename,speaker,meanF0,stdevF0,hnr,localJitter,localabsoluteJitter,rapJitter,ppq5Jitter,ddpJitter,localShimmer,localdbShimmer,apq3Shimmer,apq5Shimmer,apq11Shimmer,ddaShimmer
0,eitan_926_asean_con_opening_yaar,eitan,139.47756781527224,56.785080670452615,11.301408946422628,0.025598018303687697,0.00018640492098800408,0.008454039230372728,0.011015187799738873,0.025362117691118184,0.11494363853562038,1.032804686862436,0.03915542218443051,0.06050044952273614,0.11502238635742558,0.11746626655329152
