,filename,speaker,meanF0,stdevF0,hnr,localJitter,localabsoluteJitter,rapJitter,ppq5Jitter,ddpJitter,localShimmer,localdbShimmer,apq3Shimmer,apq5Shimmer,apq11Shimmer,ddaShimmer
0,eitan_1322_beauty-pageants_pro_opening,eitan,145.68242837441397,53.61882229380455,11.61314452201122,0.02467600094954136,0.00017160711922404735,0.00852676444163544,0.011003520603165609,0.025580293324906318,0.11503716449982071,1.04827247299879,0.038890922355145664,0.061158980143268364,0.11014269088128402,0.116672767065437
