,filename,speaker,meanF0,stdevF0,hnr,localJitter,localabsoluteJitter,rapJitter,ppq5Jitter,ddpJitter,localShimmer,localdbShimmer,apq3Shimmer,apq5Shimmer,apq11Shimmer,ddaShimmer
0,hayah_681_ip-rights_pro_opening,hayah,178.05203220161633,52.16828747157898,11.287746339270418,0.023430858763194944,0.00013215345965726546,0.010110938860875647,0.00938751911278101,0.03033281658262694,0.09898595917727321,0.9290191010149772,0.029361152259288106,0.04387952380029055,0.09381258738869169,0.08808345677786432
