,filename,speaker,meanF0,stdevF0,hnr,localJitter,localabsoluteJitter,rapJitter,ppq5Jitter,ddpJitter,localShimmer,localdbShimmer,apq3Shimmer,apq5Shimmer,apq11Shimmer,ddaShimmer
0,hayah_3192_compulsory-voting_con_opening_james,hayah,197.98374215781791,63.30746004585863,12.10907010857411,0.02287552093656945,0.00011593024158007646,0.009136225161697865,0.009100361177182192,0.027408675485093594,0.09391574475967665,0.9078512351478827,0.028474404282576495,0.042307770042811804,0.08750879446441498,0.08542321284772948
