,filename,speaker,meanF0,stdevF0,hnr,localJitter,localabsoluteJitter,rapJitter,ppq5Jitter,ddpJitter,localShimmer,localdbShimmer,apq3Shimmer,apq5Shimmer,apq11Shimmer,ddaShimmer
0,hayah_642_partial-birth-abortions_con_opening_james,hayah,163.76154747149752,70.62038455031967,10.946878044987404,0.0265136644399085,0.00016213881842181322,0.01178880999356355,0.011103247751098935,0.03536642998069065,0.10111992208013613,0.9400816704582627,0.0324475750470575,0.043818970625492525,0.08597053134498905,0.09734272514117251
