,filename,speaker,meanF0,stdevF0,hnr,localJitter,localabsoluteJitter,rapJitter,ppq5Jitter,ddpJitter,localShimmer,localdbShimmer,apq3Shimmer,apq5Shimmer,apq11Shimmer,ddaShimmer
0,hayah_683_windpower_pro_opening,hayah,170.41209128437208,61.784948352891824,10.904847799365454,0.027063438488467702,0.00015879212483507277,0.012053820057524454,0.011553727149542838,0.036161460172573365,0.09839707445366426,0.9342368336961008,0.02974913661445183,0.04170708742775756,0.08744920730740782,0.08924740984335548
