,filename,speaker,meanF0,stdevF0,hnr,localJitter,localabsoluteJitter,rapJitter,ppq5Jitter,ddpJitter,localShimmer,localdbShimmer,apq3Shimmer,apq5Shimmer,apq11Shimmer,ddaShimmer
0,james_1401_vegetarianism_pro_opening,james,137.98716676681326,42.25132642848309,6.375961893743413,0.023745927723776494,0.00017344211992120756,0.009443979338845282,0.010908265326629857,0.028331938016535843,0.11224265263717846,0.9796504560770105,0.039065038608579634,0.055859767240136776,0.09957523753445638,0.11719511582573891
