,filename,speaker,meanF0,stdevF0,hnr,localJitter,localabsoluteJitter,rapJitter,ppq5Jitter,ddpJitter,localShimmer,localdbShimmer,apq3Shimmer,apq5Shimmer,apq11Shimmer,ddaShimmer
0,james_2110_age-of-consent_pro_opening,james,136.09333390825566,41.7273938363563,6.869513458356269,0.0248209898197311,0.00018384921168221872,0.009743494227310212,0.011007580745102238,0.02923048268193064,0.12900977950083156,1.188681219664141,0.05716777745975464,0.06674013915893945,0.11044601500423366,0.1715033323792639
