,filename,speaker,meanF0,stdevF0,hnr,localJitter,localabsoluteJitter,rapJitter,ppq5Jitter,ddpJitter,localShimmer,localdbShimmer,apq3Shimmer,apq5Shimmer,apq11Shimmer,ddaShimmer
0,james_381_monarchy_pro_opening,james,130.34092623432682,30.529949193443976,6.698033044811089,0.024774153664597672,0.0001907400892801588,0.010452961142874537,0.011995170362021218,0.03135888342862361,0.11735229755590518,1.0593448332900874,0.037953827578464445,0.058090041365660074,0.10919326656853584,0.11386148273539334
