,filename,speaker,meanF0,stdevF0,hnr,localJitter,localabsoluteJitter,rapJitter,ppq5Jitter,ddpJitter,localShimmer,localdbShimmer,apq3Shimmer,apq5Shimmer,apq11Shimmer,ddaShimmer
0,james_121_ban-boxing_con_opening_rachel,james,135.81428035665732,36.19319772373785,6.142521147514206,0.022192934814319724,0.0001642826972288509,0.00911851215400808,0.010005183181396761,0.027355536462024238,0.12122264624648593,1.127642440320961,0.05023827836730409,0.061201922539521454,0.11095102239264493,0.15071483510191225
