,filename,speaker,meanF0,stdevF0,hnr,localJitter,localabsoluteJitter,rapJitter,ppq5Jitter,ddpJitter,localShimmer,localdbShimmer,apq3Shimmer,apq5Shimmer,apq11Shimmer,ddaShimmer
0,james_3162_multiculturalism_pro_opening,james,207.5360456978771,129.05529509111162,3.8268599435103785,0.025694154924313116,0.00013352554545478112,0.011479239364235493,0.01202913058852019,0.03443771809270648,0.18863010731117752,1.552596696485831,0.10265974885395604,0.11423571698710445,0.1456555171372811,0.30797924656186815
