,filename,speaker,meanF0,stdevF0,hnr,localJitter,localabsoluteJitter,rapJitter,ppq5Jitter,ddpJitter,localShimmer,localdbShimmer,apq3Shimmer,apq5Shimmer,apq11Shimmer,ddaShimmer
0,james_3182_universal-health-care_pro_opening,james,279.29177148778905,163.8680070147508,5.150419938358383,0.041700425110965715,0.00016774726980585007,0.020389454689057663,0.021536405901548292,0.06116836406717299,0.19354438301656457,1.615995745831188,0.100249975572093,0.11524996201354869,0.12185042937758088,0.300749926716279
