,filename,speaker,meanF0,stdevF0,hnr,localJitter,localabsoluteJitter,rapJitter,ppq5Jitter,ddpJitter,localShimmer,localdbShimmer,apq3Shimmer,apq5Shimmer,apq11Shimmer,ddaShimmer
0,james_2185_unconventional-oil_con_opening_tim,james,168.9187676732122,95.43084394182844,3.9003079168447266,0.017497344226541922,0.00010732472429164518,0.007422652386382853,0.008338038273407972,0.02226795715914856,0.1654835043379932,1.4398395387369753,0.08950240782119004,0.09083949796241003,0.11620847764849644,0.26850722346357014
