,filename,speaker,meanF0,stdevF0,hnr,localJitter,localabsoluteJitter,rapJitter,ppq5Jitter,ddpJitter,localShimmer,localdbShimmer,apq3Shimmer,apq5Shimmer,apq11Shimmer,ddaShimmer
0,james_1661_school-uniforms_pro_opening,james,127.8019431862887,33.13748847615246,6.234071643325975,0.026627332911358822,0.00020965924339669606,0.010856190527116732,0.011737709358177553,0.032568571581350195,0.11430296222091407,1.0074071457194218,0.035025460818310136,0.053463702018576024,0.10853732811935142,0.10507638245493041
