,filename,speaker,meanF0,stdevF0,hnr,localJitter,localabsoluteJitter,rapJitter,ppq5Jitter,ddpJitter,localShimmer,localdbShimmer,apq3Shimmer,apq5Shimmer,apq11Shimmer,ddaShimmer
0,james_1103_anti-social_pro_opening,james,129.3646794388057,43.1253493774282,6.410733066581486,0.0277233610837113,0.00021618913678403656,0.011120396572825542,0.012272239542560147,0.033361189718476625,0.12210662386479447,1.0680695056800693,0.041168054482956885,0.05949412412309974,0.1161743550752237,0.12350416344887066
