,filename,speaker,meanF0,stdevF0,hnr,localJitter,localabsoluteJitter,rapJitter,ppq5Jitter,ddpJitter,localShimmer,localdbShimmer,apq3Shimmer,apq5Shimmer,apq11Shimmer,ddaShimmer
0,james_1963_bullfighting_pro_opening,james,133.8774756739209,39.627598036313366,6.268268517163417,0.023185415448651506,0.0001742664026328578,0.009303703325117043,0.01026633530827919,0.02791110997535113,0.10925400800665362,0.9531731690434893,0.03898694655641577,0.056018795293661675,0.09883460239411711,0.11696083966924731
