,filename,speaker,meanF0,stdevF0,hnr,localJitter,localabsoluteJitter,rapJitter,ppq5Jitter,ddpJitter,localShimmer,localdbShimmer,apq3Shimmer,apq5Shimmer,apq11Shimmer,ddaShimmer
0,james_3175_abstinence-only_pro_opening,james,149.53472158073316,56.76644231565229,4.905374626598124,0.018811324647672264,0.00012694905438476889,0.007603522162039726,0.008658645572676732,0.022810566486119177,0.15077333290834363,1.3585959442172184,0.07430480985860541,0.08386847638507856,0.12183780129284688,0.22291442957581623
