,filename,speaker,meanF0,stdevF0,hnr,localJitter,localabsoluteJitter,rapJitter,ppq5Jitter,ddpJitter,localShimmer,localdbShimmer,apq3Shimmer,apq5Shimmer,apq11Shimmer,ddaShimmer
0,james_2486_electoral-college_pro_opening,james,137.71850637494222,41.630942782893875,6.007281166485909,0.024054664952205866,0.00017582962682724816,0.00938781580649692,0.01045632174344435,0.028163447419490763,0.11296412221277148,0.9983030816286192,0.03879360025565114,0.05762614923499411,0.10604855192071148,0.11638080076695341
