,filename,speaker,meanF0,stdevF0,hnr,localJitter,localabsoluteJitter,rapJitter,ppq5Jitter,ddpJitter,localShimmer,localdbShimmer,apq3Shimmer,apq5Shimmer,apq11Shimmer,ddaShimmer
0,james_2486_electoral-college_con_opening_rachel,james,163.42756633267956,83.99048521695197,3.922895636020316,0.018923845341751414,0.00011966259841063437,0.007709653669689776,0.008876767888746667,0.02312896100906933,0.1592572395566407,1.418599842017282,0.08243323348489372,0.08910526312407263,0.11788651279325721,0.24729970045468114
