,filename,speaker,meanF0,stdevF0,hnr,localJitter,localabsoluteJitter,rapJitter,ppq5Jitter,ddpJitter,localShimmer,localdbShimmer,apq3Shimmer,apq5Shimmer,apq11Shimmer,ddaShimmer
0,james_926_asean_con_opening_tim,james,215.16033793546308,138.05782159889765,3.314338717130236,0.025574880798210676,0.00013063249762723298,0.011404687343250276,0.012224272971731743,0.03421406202975083,0.17359508764344062,1.4953236399480845,0.09457604467436251,0.10241635976493041,0.14673365242097317,0.2837281340230875
