,filename,speaker,meanF0,stdevF0,hnr,localJitter,localabsoluteJitter,rapJitter,ppq5Jitter,ddpJitter,localShimmer,localdbShimmer,apq3Shimmer,apq5Shimmer,apq11Shimmer,ddaShimmer
0,james_3169_atheism_pro_opening,james,174.5632484702331,90.8416420640889,4.159352472130475,0.018288794935333776,0.0001085457059473629,0.007457624739514473,0.00847943028867529,0.022372874218543417,0.16378495984138497,1.458660727050144,0.08619119794990979,0.09480215619374828,0.1243972884142722,0.25857359384972933
