,filename,speaker,meanF0,stdevF0,hnr,localJitter,localabsoluteJitter,rapJitter,ppq5Jitter,ddpJitter,localShimmer,localdbShimmer,apq3Shimmer,apq5Shimmer,apq11Shimmer,ddaShimmer
0,james_3178_covenant-marriage_pro_opening,james,147.91077046198066,52.605032623994106,4.825330021285691,0.017239663440460525,0.0001172097726540164,0.007005999943887414,0.0077416784490435325,0.02101799983166224,0.15158499399018432,1.3712198616076376,0.07509903307974074,0.08287661126021638,0.11706849000594502,0.2252970992392222
