,filename,speaker,meanF0,stdevF0,hnr,localJitter,localabsoluteJitter,rapJitter,ppq5Jitter,ddpJitter,localShimmer,localdbShimmer,apq3Shimmer,apq5Shimmer,apq11Shimmer,ddaShimmer
0,james_3182_universal-health-care_con_opening_daniel,james,140.96951436793998,40.699192633370295,6.27600388654724,0.024360627697133323,0.00017381605368963393,0.009902861439106474,0.010354182741781322,0.029708584317319424,0.1207164822533542,1.087945332952252,0.04628774663252926,0.06070954361039767,0.10584761224401024,0.13886323989758778
