,filename,speaker,meanF0,stdevF0,hnr,localJitter,localabsoluteJitter,rapJitter,ppq5Jitter,ddpJitter,localShimmer,localdbShimmer,apq3Shimmer,apq5Shimmer,apq11Shimmer,ddaShimmer
0,james_3181_same-sex-marriage_pro_opening,james,135.19790743794962,36.814941283932335,6.4306861397494135,0.021067031576139632,0.0001565570499732133,0.00833457742112908,0.009326587229039184,0.025003732263387243,0.11537226882684246,1.0663926343291732,0.04196250205492354,0.05755995807709755,0.11106748545920693,0.12588750616477062
