,filename,speaker,meanF0,stdevF0,hnr,localJitter,localabsoluteJitter,rapJitter,ppq5Jitter,ddpJitter,localShimmer,localdbShimmer,apq3Shimmer,apq5Shimmer,apq11Shimmer,ddaShimmer
0,james_1961_sex-education_pro_opening,james,199.86037736372035,125.2286365770789,3.5606493096750653,0.02863220816522359,0.00015606896232718526,0.012592162698456973,0.013199769497910888,0.037776488095370916,0.19194452355999747,1.5995700605372765,0.10847467928146985,0.1132242927492096,0.1618635292862269,0.32542403784440954
