,filename,speaker,meanF0,stdevF0,hnr,localJitter,localabsoluteJitter,rapJitter,ppq5Jitter,ddpJitter,localShimmer,localdbShimmer,apq3Shimmer,apq5Shimmer,apq11Shimmer,ddaShimmer
0,james_81_physical-education_pro_opening,james,332.4999366940059,161.2514879196594,4.657471816166965,0.05559290757559853,0.00018561252216149054,0.02925483071368253,0.02962582109539725,0.08776449214104759,0.22867691429376283,1.825904959023575,0.1259018544455063,0.1305123258135827,0.10196925902773885,0.37770556333651895
