,filename,speaker,meanF0,stdevF0,hnr,localJitter,localabsoluteJitter,rapJitter,ppq5Jitter,ddpJitter,localShimmer,localdbShimmer,apq3Shimmer,apq5Shimmer,apq11Shimmer,ddaShimmer
0,james_3191_recall-elections_pro_opening,james,128.95597852655123,33.51459121556259,6.304200336714378,0.027550773413978394,0.0002148525741118244,0.011799194816656623,0.0117612516712541,0.03539758444996987,0.112297625537538,0.9965183884085658,0.0380461918383511,0.05432316713397271,0.09503177711755073,0.1141385755150533
