,filename,speaker,meanF0,stdevF0,hnr,localJitter,localabsoluteJitter,rapJitter,ppq5Jitter,ddpJitter,localShimmer,localdbShimmer,apq3Shimmer,apq5Shimmer,apq11Shimmer,ddaShimmer
0,james_3192_compulsory-voting_pro_opening,james,133.03278809937711,42.412936209357824,6.517254572539234,0.027080291339209174,0.0002051318927498844,0.01145196572617036,0.012017722269407278,0.03435589717851108,0.11653963586664175,1.031085797017401,0.03847510232835451,0.056755814405586545,0.11271528121852623,0.11542530698506352
