,filename,speaker,meanF0,stdevF0,hnr,localJitter,localabsoluteJitter,rapJitter,ppq5Jitter,ddpJitter,localShimmer,localdbShimmer,apq3Shimmer,apq5Shimmer,apq11Shimmer,ddaShimmer
0,james_3581_cheerleading_pro_opening,james,140.46053241088993,39.19244971519859,7.392625480823933,0.023265452107135237,0.00016654695321101056,0.009578152913724934,0.010644815485618396,0.0287344587411748,0.10764399168571329,0.9892880919925485,0.038678310697195774,0.05443442275452223,0.09642382300206487,0.11603493209158733
