,filename,speaker,meanF0,stdevF0,hnr,localJitter,localabsoluteJitter,rapJitter,ppq5Jitter,ddpJitter,localShimmer,localdbShimmer,apq3Shimmer,apq5Shimmer,apq11Shimmer,ddaShimmer
0,james_2559_nato_pro_opening,james,131.61001418024,33.64971867414102,6.096461017856283,0.024469080230726768,0.00018687646295766135,0.010349727090164889,0.010706590143200608,0.031049181270494667,0.11096879596915848,0.9702548308109185,0.037926030063317524,0.05562330482893598,0.10454913171657175,0.11377809018995258
