,filename,speaker,meanF0,stdevF0,hnr,localJitter,localabsoluteJitter,rapJitter,ppq5Jitter,ddpJitter,localShimmer,localdbShimmer,apq3Shimmer,apq5Shimmer,apq11Shimmer,ddaShimmer
0,james_2483_anonymous-posts_con_opening_daniel,james,207.06408352260655,129.06251157118655,3.571483185794897,0.02360189553188065,0.00012342747983948258,0.01048334293860051,0.011659611620948746,0.03145002881580153,0.1927591434498531,1.594646380835334,0.10870510782184284,0.12052468086879506,0.15790632045698433,0.3261153234655285
