,filename,speaker,meanF0,stdevF0,hnr,localJitter,localabsoluteJitter,rapJitter,ppq5Jitter,ddpJitter,localShimmer,localdbShimmer,apq3Shimmer,apq5Shimmer,apq11Shimmer,ddaShimmer
0,james_3163_asylum_pro_opening,james,136.99054022318424,38.39957276357597,7.12611966820846,0.020981553016098557,0.00015406272363158668,0.00824859558325908,0.008430208570188454,0.024745786749777243,0.10490474580366524,0.9145693572848648,0.03422205022927044,0.049954089000792595,0.09305663137857256,0.10266615068781132
