,filename,speaker,meanF0,stdevF0,hnr,localJitter,localabsoluteJitter,rapJitter,ppq5Jitter,ddpJitter,localShimmer,localdbShimmer,apq3Shimmer,apq5Shimmer,apq11Shimmer,ddaShimmer
0,james_1264_human-cloning_pro_opening,james,221.73940177327208,143.2135199488698,3.4837393553619433,0.025531144864973772,0.00012733631957027874,0.011206477956234728,0.012325790338342125,0.03361943386870418,0.1895177541266444,1.5965285742683435,0.10759834803198336,0.11454641617290871,0.1395113127045223,0.32279504409595006
