,filename,speaker,meanF0,stdevF0,hnr,localJitter,localabsoluteJitter,rapJitter,ppq5Jitter,ddpJitter,localShimmer,localdbShimmer,apq3Shimmer,apq5Shimmer,apq11Shimmer,ddaShimmer
0,james_2483_anonymous-posts_pro_opening,james,138.45150404157616,37.34254248379599,6.835940128946795,0.022067012412701172,0.0001604899801033393,0.008522133653728756,0.009727504357089108,0.02556640096118627,0.11825492089263459,1.108506131344297,0.045749572903178534,0.05932033295421442,0.10671510062258832,0.1372487187095356
