,filename,speaker,meanF0,stdevF0,hnr,localJitter,localabsoluteJitter,rapJitter,ppq5Jitter,ddpJitter,localShimmer,localdbShimmer,apq3Shimmer,apq5Shimmer,apq11Shimmer,ddaShimmer
0,james_994_hydroelectric-dams_pro_opening,james,185.6241595894303,120.05648901453416,3.6100577113927557,0.02233631731808467,0.00013185988004432215,0.00967703436708765,0.011375285387441984,0.02903110310126295,0.17216587785206103,1.4881617930481188,0.0925665223469968,0.0955040989050257,0.12917253724583855,0.2776995670409904
