,filename,speaker,meanF0,stdevF0,hnr,localJitter,localabsoluteJitter,rapJitter,ppq5Jitter,ddpJitter,localShimmer,localdbShimmer,apq3Shimmer,apq5Shimmer,apq11Shimmer,ddaShimmer
0,james_1322_beauty-pageants_con_opening_tim,james,192.45700895935494,116.97342503530407,3.7408086979439155,0.024362684962468444,0.00013618395487538366,0.010908620618238265,0.011827529831843871,0.032725861854714794,0.17850633658681644,1.507803998713669,0.0955858951772373,0.1068321844344948,0.13087063032083118,0.2867576855317119
