,filename,speaker,meanF0,stdevF0,hnr,localJitter,localabsoluteJitter,rapJitter,ppq5Jitter,ddpJitter,localShimmer,localdbShimmer,apq3Shimmer,apq5Shimmer,apq11Shimmer,ddaShimmer
0,james_2402_guantanamo_con_opening_tim,james,140.3465148872351,38.0119947742343,6.7540206974211365,0.022563066884589193,0.00016149684861537913,0.00919460158379663,0.010071741300446134,0.027583804751389888,0.12106378942645471,1.0938363038884837,0.04649764999984958,0.06247170027774293,0.11101687522822301,0.13949294999954875
