,filename,speaker,meanF0,stdevF0,hnr,localJitter,localabsoluteJitter,rapJitter,ppq5Jitter,ddpJitter,localShimmer,localdbShimmer,apq3Shimmer,apq5Shimmer,apq11Shimmer,ddaShimmer
0,james_986_polygamy_pro_opening,james,190.80432591268325,130.69415385682703,4.171647100722925,0.032542225950865096,0.0001910231375479095,0.01416257466053735,0.015605478962283119,0.04248772398161205,0.16278026482952918,1.4172296459619165,0.07460555486879862,0.08290294086319712,0.10535291887299476,0.22381666460639588
