,filename,speaker,meanF0,stdevF0,hnr,localJitter,localabsoluteJitter,rapJitter,ppq5Jitter,ddpJitter,localShimmer,localdbShimmer,apq3Shimmer,apq5Shimmer,apq11Shimmer,ddaShimmer
0,james_986_polygamy_con_opening_tim,james,140.80521991431485,45.38514954157723,6.7071359246506805,0.02213103635595854,0.00015812693266127901,0.008925004036550919,0.010093920220225022,0.026775012109652756,0.11715332221341478,1.0995287266167397,0.04690342004321528,0.05998855194190243,0.10699197190937804,0.14071026012964583
