,filename,speaker,meanF0,stdevF0,hnr,localJitter,localabsoluteJitter,rapJitter,ppq5Jitter,ddpJitter,localShimmer,localdbShimmer,apq3Shimmer,apq5Shimmer,apq11Shimmer,ddaShimmer
0,james_2502_drinking-age_pro_opening,james,150.99681101380514,58.60356019663915,5.459974963515087,0.01879141883053285,0.0001255131237670127,0.007484698829951802,0.00855526492312127,0.022454096489855406,0.14862303505191157,1.3428554784769482,0.07274374810287097,0.08427314242575117,0.11904166115267605,0.2182312443086129
