,filename,speaker,meanF0,stdevF0,hnr,localJitter,localabsoluteJitter,rapJitter,ppq5Jitter,ddpJitter,localShimmer,localdbShimmer,apq3Shimmer,apq5Shimmer,apq11Shimmer,ddaShimmer
0,james_3183_racial-profiling_pro_opening,james,136.71224879754268,45.084512464725556,7.255744581194616,0.022944973264710688,0.00016921543994674967,0.008757640045148321,0.00908839380163141,0.026272920135444966,0.10708659421435701,0.9465586435297261,0.035223030754279856,0.05206803261888428,0.10274921927954132,0.10566909226283958
