,filename,speaker,meanF0,stdevF0,hnr,localJitter,localabsoluteJitter,rapJitter,ppq5Jitter,ddpJitter,localShimmer,localdbShimmer,apq3Shimmer,apq5Shimmer,apq11Shimmer,ddaShimmer
0,james_81_physical-education_con_opening_will,james,139.03028107618593,40.665569539358756,6.409390484431545,0.023694459897505273,0.00017138745862407397,0.009328621231520975,0.009929343921841017,0.027985863694562924,0.11416456920043572,1.011754260080713,0.038037444922420886,0.055446001572430396,0.10042846359773079,0.11411233476726265
