,filename,speaker,meanF0,stdevF0,hnr,localJitter,localabsoluteJitter,rapJitter,ppq5Jitter,ddpJitter,localShimmer,localdbShimmer,apq3Shimmer,apq5Shimmer,apq11Shimmer,ddaShimmer
0,james_642_partial-birth-abortions_pro_opening,james,318.7896912353213,165.68101659113796,4.149191826052986,0.055645992098229874,0.00019692050786736755,0.028725818783281207,0.031631516081330115,0.08617745634984363,0.2207328670043568,1.794123564708888,0.11834782817114464,0.13548867479462753,0.09831562800816826,0.3550434845134339
