,filename,speaker,meanF0,stdevF0,hnr,localJitter,localabsoluteJitter,rapJitter,ppq5Jitter,ddpJitter,localShimmer,localdbShimmer,apq3Shimmer,apq5Shimmer,apq11Shimmer,ddaShimmer
0,james_681_ip-rights_pro_opening,james,127.75181458003726,36.05134522699527,6.813281626929919,0.026000288035833537,0.00020481072063405995,0.00987617998660166,0.011547711604339274,0.02962853995980498,0.11274485627853527,1.0049504519289583,0.03592110037127849,0.053269151257336986,0.1078328425648256,0.10776330111383547
