,filename,speaker,meanF0,stdevF0,hnr,localJitter,localabsoluteJitter,rapJitter,ppq5Jitter,ddpJitter,localShimmer,localdbShimmer,apq3Shimmer,apq5Shimmer,apq11Shimmer,ddaShimmer
0,james_1346_biofuels_con_opening_rachel,james,128.54491396432587,31.35641316624352,6.480492975043062,0.026600691091228795,0.00020794884492271926,0.011405324987053647,0.011336044483036972,0.03421597496116094,0.10969872815122016,0.9585688081559546,0.038173149341983785,0.05410603387695337,0.09959043522317806,0.11451944802595135
