,filename,speaker,meanF0,stdevF0,hnr,localJitter,localabsoluteJitter,rapJitter,ppq5Jitter,ddpJitter,localShimmer,localdbShimmer,apq3Shimmer,apq5Shimmer,apq11Shimmer,ddaShimmer
0,james_1243_three-strikes_con_opening_will,james,137.4634944789644,36.312998598586425,6.884468040354803,0.022730949932506975,0.0001662101844294068,0.009243730309348448,0.009997505999400426,0.027731190928045345,0.10604993458242158,0.9753004304906159,0.0367137342495112,0.05311258341837049,0.10156972269989531,0.1101412027485336
