,filename,speaker,meanF0,stdevF0,hnr,localJitter,localabsoluteJitter,rapJitter,ppq5Jitter,ddpJitter,localShimmer,localdbShimmer,apq3Shimmer,apq5Shimmer,apq11Shimmer,ddaShimmer
0,james_2481_fraternities_pro_opening,james,177.69449354223966,99.35780602691311,3.942794036694746,0.02017247082139271,0.00011965180048014289,0.008696844507894277,0.010025181318250724,0.026090533523682832,0.18365626440825147,1.5696272278090804,0.1029631617581769,0.11227998614635755,0.14987198517753283,0.3088894852745307
