,filename,speaker,meanF0,stdevF0,hnr,localJitter,localabsoluteJitter,rapJitter,ppq5Jitter,ddpJitter,localShimmer,localdbShimmer,apq3Shimmer,apq5Shimmer,apq11Shimmer,ddaShimmer
0,james_121_ban-boxing_pro_opening,james,215.93635516495078,140.31678350257292,3.360981435312053,0.02448607915703405,0.0001258376047530235,0.010474909224193507,0.011510309225991297,0.03142472767258052,0.17092091883368749,1.477087740714748,0.09296180313818848,0.10213409863669473,0.13071892308303726,0.27888540941456547
