,filename,speaker,meanF0,stdevF0,hnr,localJitter,localabsoluteJitter,rapJitter,ppq5Jitter,ddpJitter,localShimmer,localdbShimmer,apq3Shimmer,apq5Shimmer,apq11Shimmer,ddaShimmer
0,james_3184_internet-censorship_pro_opening,james,167.84371328125388,98.67452239319861,3.5626416426753975,0.01997133811987576,0.0001250043159427415,0.008462341153897643,0.009604051354584971,0.02538702346169293,0.16779895111904797,1.4665423057025675,0.08837468082544156,0.0921529407604955,0.12848240501160996,0.2651240424763247
