,filename,speaker,meanF0,stdevF0,hnr,localJitter,localabsoluteJitter,rapJitter,ppq5Jitter,ddpJitter,localShimmer,localdbShimmer,apq3Shimmer,apq5Shimmer,apq11Shimmer,ddaShimmer
0,james_2488_un-veto_pro_opening,james,131.71401156568385,33.416867395101214,7.369342862190692,0.02372456930060103,0.00018100951851774322,0.009060211264602982,0.00992048730825962,0.027180633793808945,0.1077707705509904,0.9366994291700957,0.03441867379651292,0.05319023271495799,0.10289616206754905,0.10325602138953877
