,filename,speaker,meanF0,stdevF0,hnr,localJitter,localabsoluteJitter,rapJitter,ppq5Jitter,ddpJitter,localShimmer,localdbShimmer,apq3Shimmer,apq5Shimmer,apq11Shimmer,ddaShimmer
0,james_881_holocaust-denial_con_opening_tim,james,223.03330355721653,139.26356221274912,3.766806115257576,0.03014999006195028,0.00014611945868611188,0.014254807383120295,0.014617422111016461,0.04276442214936089,0.19257840575636112,1.5793689314026185,0.10563082765059599,0.12309876954559745,0.14376562704963075,0.31689248295178796
