,filename,speaker,meanF0,stdevF0,hnr,localJitter,localabsoluteJitter,rapJitter,ppq5Jitter,ddpJitter,localShimmer,localdbShimmer,apq3Shimmer,apq5Shimmer,apq11Shimmer,ddaShimmer
0,james_3180_goal-line_pro_opening,james,195.70822695068554,126.15631865706828,3.6171655764429524,0.023789749753381786,0.0001333059221350479,0.010478820057401998,0.011296474970166016,0.03143646017220599,0.18325163901980998,1.5528398403107901,0.09910590162953255,0.09846203726493762,0.12706818095431113,0.29731770488859766
