,filename,speaker,meanF0,stdevF0,hnr,localJitter,localabsoluteJitter,rapJitter,ppq5Jitter,ddpJitter,localShimmer,localdbShimmer,apq3Shimmer,apq5Shimmer,apq11Shimmer,ddaShimmer
0,james_3168_year-round-school_pro_opening,james,132.76843708233355,34.560921396517216,6.337902296624917,0.02230458905418995,0.0001690591135868431,0.008687014593450644,0.009519762484839997,0.026061043780351935,0.11989231077921517,1.1084092390624891,0.04466920932326821,0.05865415390640205,0.11094480081881934,0.13400762796980464
