,filename,speaker,meanF0,stdevF0,hnr,localJitter,localabsoluteJitter,rapJitter,ppq5Jitter,ddpJitter,localShimmer,localdbShimmer,apq3Shimmer,apq5Shimmer,apq11Shimmer,ddaShimmer
0,james_2559_nato_con_opening_yaar,james,197.51416548337272,134.80939026960021,6.260830817273296,0.03632420156955901,0.00020578614825434905,0.01676720452001556,0.018290156197304674,0.05030161356004668,0.16390140105336423,1.4307646868252182,0.07349846133731908,0.08585925118594759,0.12294016414056524,0.22049538401195723
