,filename,speaker,meanF0,stdevF0,hnr,localJitter,localabsoluteJitter,rapJitter,ppq5Jitter,ddpJitter,localShimmer,localdbShimmer,apq3Shimmer,apq5Shimmer,apq11Shimmer,ddaShimmer
0,james_3162_multiculturalism_con_opening_will,james,159.11599071147415,90.31793675992432,3.9302529608300514,0.017451300260564958,0.00011364794553701073,0.007140507879605963,0.008345282760826427,0.02142152363881789,0.14344363047209002,1.286655376914552,0.0743049937984824,0.07633858287720219,0.1082005815159849,0.22291498139544721
