,filename,speaker,meanF0,stdevF0,hnr,localJitter,localabsoluteJitter,rapJitter,ppq5Jitter,ddpJitter,localShimmer,localdbShimmer,apq3Shimmer,apq5Shimmer,apq11Shimmer,ddaShimmer
0,rachel_3175_abstinence-only_con_opening_will,rachel,256.1597077428956,86.83538300115121,12.550197415422646,0.028736266547753856,0.00011385078301096346,0.013565374555831924,0.012466887329612524,0.04069612366749577,0.14291741266644897,1.3428526941756052,0.06340120885076259,0.09196029486518877,0.1555092060791485,0.19020362655228776
