,filename,speaker,meanF0,stdevF0,hnr,localJitter,localabsoluteJitter,rapJitter,ppq5Jitter,ddpJitter,localShimmer,localdbShimmer,apq3Shimmer,apq5Shimmer,apq11Shimmer,ddaShimmer
0,rachel_2486_electoral-college_pro_opening,rachel,315.8795505921251,105.38911685599722,7.1863745839178765,0.029504913371857275,9.756386936940092e-05,0.011906702691369737,0.012692553117724619,0.03572010807410921,0.21222914928827533,1.7583360520647016,0.09807562754906293,0.18324056648987344,0.24197514050823496,0.29422688264718877
