,filename,speaker,meanF0,stdevF0,hnr,localJitter,localabsoluteJitter,rapJitter,ppq5Jitter,ddpJitter,localShimmer,localdbShimmer,apq3Shimmer,apq5Shimmer,apq11Shimmer,ddaShimmer
0,rachel_3184_internet-censorship_con_opening_daniel,rachel,248.80909662759558,71.88667992126229,16.497684536917998,0.021426397079520702,8.693334641230198e-05,0.008617569565618611,0.009532623854196596,0.025852708696855832,0.08170038915387873,0.8274984412368335,0.024543592715151354,0.03943227076437463,0.08022028873926318,0.07363077814545406
