,filename,speaker,meanF0,stdevF0,hnr,localJitter,localabsoluteJitter,rapJitter,ppq5Jitter,ddpJitter,localShimmer,localdbShimmer,apq3Shimmer,apq5Shimmer,apq11Shimmer,ddaShimmer
0,rachel_1161_cosmetic-surgery_con_opening_will,rachel,243.53912161278666,67.64177362291225,14.91501030113809,0.022318047205337834,9.218282493818633e-05,0.009212166619338135,0.010223594561827837,0.027636499858014404,0.08519202623314735,0.8523344736423164,0.02648961985163029,0.041646009883491965,0.08473916441827009,0.07946885955489087
