,filename,speaker,meanF0,stdevF0,hnr,localJitter,localabsoluteJitter,rapJitter,ppq5Jitter,ddpJitter,localShimmer,localdbShimmer,apq3Shimmer,apq5Shimmer,apq11Shimmer,ddaShimmer
0,rachel_3581_cheerleading_con_opening_james,rachel,238.36731622735363,60.472834626298656,16.609113893012267,0.020822004464305703,8.800207235687615e-05,0.008516066719500663,0.009278132289651339,0.02554820015850199,0.0804139449869453,0.8175469198813339,0.02480774546120982,0.03892695291747805,0.08102550279249934,0.07442323638362947
