,filename,speaker,meanF0,stdevF0,hnr,localJitter,localabsoluteJitter,rapJitter,ppq5Jitter,ddpJitter,localShimmer,localdbShimmer,apq3Shimmer,apq5Shimmer,apq11Shimmer,ddaShimmer
0,rachel_3192_compulsory-voting_con_opening_daniel,rachel,237.8941987445057,65.85925454591587,13.62118805819728,0.023006273746659627,9.758209272904241e-05,0.009286104330047517,0.01053850717729548,0.02785831299014255,0.09825588547870415,0.9577967475336823,0.03110902218506908,0.049956953182124356,0.10051981152146529,0.09332706655520724
