,filename,speaker,meanF0,stdevF0,hnr,localJitter,localabsoluteJitter,rapJitter,ppq5Jitter,ddpJitter,localShimmer,localdbShimmer,apq3Shimmer,apq5Shimmer,apq11Shimmer,ddaShimmer
0,rachel_2526_double-jeopardy_pro_opening,rachel,251.5090928902861,68.06882291151584,16.436996042873673,0.021358145267093204,8.551759914678881e-05,0.00896589820427481,0.009168390975923807,0.02689769461282443,0.08369189619654355,0.8291496473063026,0.026794483796529874,0.03918129676781508,0.07861912943680845,0.08038345138958962
