,filename,speaker,meanF0,stdevF0,hnr,localJitter,localabsoluteJitter,rapJitter,ppq5Jitter,ddpJitter,localShimmer,localdbShimmer,apq3Shimmer,apq5Shimmer,apq11Shimmer,ddaShimmer
0,rachel_1346_biofuels_pro_opening,rachel,244.30068014430697,72.54525917332488,9.742826259098004,0.02290369556924968,9.544656630132824e-05,0.010170018315316073,0.011488400992355059,0.030510054945948217,0.163837500008355,1.5204378450772427,0.07434343097373732,0.13010506269068461,0.15440444674339524,0.22303029292121196
