,filename,speaker,meanF0,stdevF0,hnr,localJitter,localabsoluteJitter,rapJitter,ppq5Jitter,ddpJitter,localShimmer,localdbShimmer,apq3Shimmer,apq5Shimmer,apq11Shimmer,ddaShimmer
0,rachel_3183_racial-profiling_con_opening_will,rachel,249.46787096629424,85.10041335745034,11.891111266010094,0.030011187002935112,0.00012285923164763313,0.014218347741598563,0.012841644284733571,0.042655043224795686,0.15020036311674245,1.3798266067678682,0.06726979104135875,0.09944978035734553,0.16818191766279844,0.20180937312407624
