,filename,speaker,meanF0,stdevF0,hnr,localJitter,localabsoluteJitter,rapJitter,ppq5Jitter,ddpJitter,localShimmer,localdbShimmer,apq3Shimmer,apq5Shimmer,apq11Shimmer,ddaShimmer
0,rachel_121_ban-boxing_pro_opening,rachel,235.53785100613734,66.92561264107445,15.218009795365525,0.022878298342086385,9.784888855092407e-05,0.009476243471660005,0.010310585664872649,0.028428730414980015,0.08760346324716167,0.8641160033444083,0.027535082576486316,0.04334149065547393,0.08773754556293097,0.08260524772945894
