,filename,speaker,meanF0,stdevF0,hnr,localJitter,localabsoluteJitter,rapJitter,ppq5Jitter,ddpJitter,localShimmer,localdbShimmer,apq3Shimmer,apq5Shimmer,apq11Shimmer,ddaShimmer
0,rachel_3163_asylum_con_opening_sam,rachel,238.2022023650684,67.78914250162497,13.642088241305911,0.022965044233391775,9.724860289576676e-05,0.009313791118401159,0.010480868166668907,0.027941373355203476,0.09035138678082538,0.9029958953138769,0.0285382786615781,0.04504774999775509,0.09041750389467887,0.08561483598473431
