,filename,speaker,meanF0,stdevF0,hnr,localJitter,localabsoluteJitter,rapJitter,ppq5Jitter,ddpJitter,localShimmer,localdbShimmer,apq3Shimmer,apq5Shimmer,apq11Shimmer,ddaShimmer
0,rachel_2110_age-of-consent_con_opening_will,rachel,255.58919625099892,72.89637490197606,17.33565100812318,0.019413110292736666,7.655441471983898e-05,0.007820586772109402,0.008002649288564367,0.023461760316328205,0.08116394552595088,0.7980993472746641,0.024222544726384417,0.03903567213274936,0.07861471446893843,0.07266763417915326
