,filename,speaker,meanF0,stdevF0,hnr,localJitter,localabsoluteJitter,rapJitter,ppq5Jitter,ddpJitter,localShimmer,localdbShimmer,apq3Shimmer,apq5Shimmer,apq11Shimmer,ddaShimmer
0,rachel_2488_un-veto_con_opening_tim,rachel,313.92827400607706,92.10875494735443,8.295613744520374,0.026100416477676115,8.649003216046522e-05,0.010407075959835423,0.011552089018617392,0.03122122787950627,0.18466680228624313,1.623991010428837,0.08091110898109725,0.14888056539392044,0.1984911200193007,0.24273332694329175
