,filename,speaker,meanF0,stdevF0,hnr,localJitter,localabsoluteJitter,rapJitter,ppq5Jitter,ddpJitter,localShimmer,localdbShimmer,apq3Shimmer,apq5Shimmer,apq11Shimmer,ddaShimmer
0,rachel_3186_flat-tax_pro_opening,rachel,228.6396001718507,71.67983035039003,15.130448931344453,0.023682569442744026,0.0001041191311606211,0.010230398067416395,0.010748651346848841,0.030691194202249188,0.08795829900753259,0.8955880819548795,0.0286307178594996,0.0444231325478785,0.08845419404611866,0.0858921535784988
