,filename,speaker,meanF0,stdevF0,hnr,localJitter,localabsoluteJitter,rapJitter,ppq5Jitter,ddpJitter,localShimmer,localdbShimmer,apq3Shimmer,apq5Shimmer,apq11Shimmer,ddaShimmer
0,rachel_3178_covenant-marriage_con_opening_james,rachel,245.08248503960678,64.75803603537494,15.167586496264544,0.02199313348234421,9.045563716190486e-05,0.009023081168124066,0.00978080279762584,0.027069243504372197,0.08627485678871277,0.8634479494066336,0.025854867939689042,0.03991174183541958,0.08103964072122348,0.07756460381906713
