,filename,speaker,meanF0,stdevF0,hnr,localJitter,localabsoluteJitter,rapJitter,ppq5Jitter,ddpJitter,localShimmer,localdbShimmer,apq3Shimmer,apq5Shimmer,apq11Shimmer,ddaShimmer
0,rachel_3169_atheism_con_opening_tim,rachel,269.9109558308936,83.91272630387448,9.285293050153005,0.02442489560920713,9.333180540537784e-05,0.010524103163631962,0.01172894408120993,0.031572309490895886,0.16673721705556308,1.508816717887406,0.07386776279178982,0.12893976959055872,0.161570323065855,0.22160328837536947
