,filename,speaker,meanF0,stdevF0,hnr,localJitter,localabsoluteJitter,rapJitter,ppq5Jitter,ddpJitter,localShimmer,localdbShimmer,apq3Shimmer,apq5Shimmer,apq11Shimmer,ddaShimmer
0,rachel_2526_double-jeopardy_con_opening_daniel,rachel,282.86225846049484,98.15456405755562,8.00012650163434,0.027741829879088107,0.00010287530697832005,0.01207440171451617,0.013007044112600858,0.036223205143548515,0.18515394710256816,1.5972933330318062,0.08731201692139641,0.15370872161419796,0.1871281336304576,0.26193605076418924
