,filename,speaker,meanF0,stdevF0,hnr,localJitter,localabsoluteJitter,rapJitter,ppq5Jitter,ddpJitter,localShimmer,localdbShimmer,apq3Shimmer,apq5Shimmer,apq11Shimmer,ddaShimmer
0,rachel_3162_multiculturalism_con_opening_james,rachel,227.03130049652313,63.43333243962273,15.260947553241689,0.02032776556007954,9.01073280034052e-05,0.008311725446240422,0.008993175514281864,0.024935176338721266,0.09292231860852407,0.9323922748749175,0.03265696134324271,0.05152690212956007,0.08829217451293804,0.09797088402972813
