,filename,speaker,meanF0,stdevF0,hnr,localJitter,localabsoluteJitter,rapJitter,ppq5Jitter,ddpJitter,localShimmer,localdbShimmer,apq3Shimmer,apq5Shimmer,apq11Shimmer,ddaShimmer
0,rachel_881_holocaust-denial_pro_opening,rachel,239.55694240635975,64.53282524676756,14.48085218061706,0.022599350298534993,9.498969018724017e-05,0.009292290755086549,0.010304698957753275,0.027876872265259645,0.09715766889533764,0.9543979820773033,0.03374148543209213,0.050729086131629846,0.09670408444006773,0.10122445629627638
