,filename,speaker,meanF0,stdevF0,hnr,localJitter,localabsoluteJitter,rapJitter,ppq5Jitter,ddpJitter,localShimmer,localdbShimmer,apq3Shimmer,apq5Shimmer,apq11Shimmer,ddaShimmer
0,rachel_221_ban-gambling_con_opening_daniel,rachel,253.1255883189855,66.32461233430149,15.403686149759803,0.02063577036273059,8.202050406846777e-05,0.008512303899297908,0.0089878450160582,0.025536911697893724,0.08473407465997544,0.859815005872735,0.026661261150290355,0.041070326061608,0.08479392330554564,0.07998378345087107
