,filename,speaker,meanF0,stdevF0,hnr,localJitter,localabsoluteJitter,rapJitter,ppq5Jitter,ddpJitter,localShimmer,localdbShimmer,apq3Shimmer,apq5Shimmer,apq11Shimmer,ddaShimmer
0,rachel_3168_year-round-school_con_opening_james,rachel,247.65461524909705,67.54150655388648,16.156448245218666,0.02094627885730596,8.538064185906226e-05,0.008478350771006267,0.00938831634508156,0.025435052313018798,0.08274486916139302,0.8309566636424424,0.025461203547057713,0.040404470677277655,0.08490098835689561,0.07638361064117313
