,filename,speaker,meanF0,stdevF0,hnr,localJitter,localabsoluteJitter,rapJitter,ppq5Jitter,ddpJitter,localShimmer,localdbShimmer,apq3Shimmer,apq5Shimmer,apq11Shimmer,ddaShimmer
0,rachel_2481_fraternities_con_opening_will,rachel,241.9968926325893,70.19552368165138,14.204997422793488,0.024206519619551784,0.00010095400730918997,0.009925875050213312,0.010697903927441698,0.029777625150639933,0.09206770969753868,0.9305841670750735,0.03091883668056941,0.04824759475117788,0.08943265673671068,0.09275651004170823
