,filename,speaker,meanF0,stdevF0,hnr,localJitter,localabsoluteJitter,rapJitter,ppq5Jitter,ddpJitter,localShimmer,localdbShimmer,apq3Shimmer,apq5Shimmer,apq11Shimmer,ddaShimmer
0,rachel_381_monarchy_con_opening_james,rachel,249.15933344594984,68.77277508820032,15.664596377478116,0.021441486577558615,8.659538295005453e-05,0.008817784265839148,0.00936858238367551,0.026453352797517444,0.08394757426234997,0.8695851802389063,0.02606738146801262,0.04091215669835507,0.08421940504341795,0.07820214440403786
