,filename,speaker,meanF0,stdevF0,hnr,localJitter,localabsoluteJitter,rapJitter,ppq5Jitter,ddpJitter,localShimmer,localdbShimmer,apq3Shimmer,apq5Shimmer,apq11Shimmer,ddaShimmer
0,rachel_3581_cheerleading_pro_opening,rachel,216.00453085281512,59.973797389153816,16.32995526857345,0.02066916736661242,9.665208721218783e-05,0.007815180927617762,0.008875970990585878,0.023445542782853285,0.08226233412988328,0.7961070717363896,0.026051663954765936,0.040198975950235936,0.08043818718083141,0.07815499186429781
