,filename,speaker,meanF0,stdevF0,hnr,localJitter,localabsoluteJitter,rapJitter,ppq5Jitter,ddpJitter,localShimmer,localdbShimmer,apq3Shimmer,apq5Shimmer,apq11Shimmer,ddaShimmer
0,rachel_1401_vegetarianism_con_opening_will,rachel,233.3938777752876,60.9144341702502,15.068053737068338,0.017828939996352124,7.666349798129819e-05,0.006684771944378279,0.007166108004188341,0.020054315833134835,0.08284414400962889,0.7897822561019929,0.02571833273118344,0.04096548223814666,0.08330566098015917,0.07715499819355032
