,filename,speaker,meanF0,stdevF0,hnr,localJitter,localabsoluteJitter,rapJitter,ppq5Jitter,ddpJitter,localShimmer,localdbShimmer,apq3Shimmer,apq5Shimmer,apq11Shimmer,ddaShimmer
0,rachel_1250_transfat_con_opening_yaar,rachel,246.9322888712387,63.13093843286343,15.687988825475442,0.020736593712567704,8.450574085872515e-05,0.008602595836417285,0.009541527607103948,0.025807787509251855,0.08990940994681525,0.9174983807884892,0.029647346112468456,0.04821149444838843,0.08566027721887816,0.08894203833740537
