,filename,speaker,meanF0,stdevF0,hnr,localJitter,localabsoluteJitter,rapJitter,ppq5Jitter,ddpJitter,localShimmer,localdbShimmer,apq3Shimmer,apq5Shimmer,apq11Shimmer,ddaShimmer
0,sam_1542_libertarian_con_opening_will,sam,175.26682237867888,135.20565111314494,5.690429066622424,0.02741408527611272,0.00018267419044617532,0.011360490670988918,0.012772611302283104,0.034081472012966754,0.1716966556247129,1.5358659131230574,0.09702788449360791,0.09560039445505317,0.13974762263786586,0.29108365348082377
