,filename,speaker,meanF0,stdevF0,hnr,localJitter,localabsoluteJitter,rapJitter,ppq5Jitter,ddpJitter,localShimmer,localdbShimmer,apq3Shimmer,apq5Shimmer,apq11Shimmer,ddaShimmer
0,sam_3581_cheerleading_con_opening_rachel,sam,127.46004060914966,29.764451558862767,10.781431144740246,0.026111426886918716,0.00020545813617934316,0.009567399550491145,0.012283134907630264,0.028702198651473436,0.11528887929780467,1.1028267781138144,0.04399005535854955,0.06687110863966363,0.118068752338003,0.13197016607564865
