,filename,speaker,meanF0,stdevF0,hnr,localJitter,localabsoluteJitter,rapJitter,ppq5Jitter,ddpJitter,localShimmer,localdbShimmer,apq3Shimmer,apq5Shimmer,apq11Shimmer,ddaShimmer
0,sam_3178_covenant-marriage_con_opening_tim,sam,190.12087550293353,141.97634253417456,5.205607640982618,0.02637782811119387,0.0001606387464000954,0.00994806350962954,0.011641022914118036,0.02984419052888862,0.1635412992687969,1.488732782621153,0.09211365515432401,0.09403493391569419,0.13745935979199586,0.27634096546297204
