,filename,speaker,meanF0,stdevF0,hnr,localJitter,localabsoluteJitter,rapJitter,ppq5Jitter,ddpJitter,localShimmer,localdbShimmer,apq3Shimmer,apq5Shimmer,apq11Shimmer,ddaShimmer
0,sam_1187_cannabis_con_opening_will,sam,207.9816473380751,147.9411110351452,4.592112736162058,0.027213441670038516,0.0001468393931850642,0.012094548418200643,0.01233397125794856,0.036283645254601926,0.17367867458311184,1.5910854848030846,0.09566157518607558,0.09957684140621759,0.1559914043520508,0.28698472555822674
