,filename,speaker,meanF0,stdevF0,hnr,localJitter,localabsoluteJitter,rapJitter,ppq5Jitter,ddpJitter,localShimmer,localdbShimmer,apq3Shimmer,apq5Shimmer,apq11Shimmer,ddaShimmer
0,sam_3181_same-sex-marriage_con_opening_james,sam,247.43840474171103,164.81547207594767,4.854780229936423,0.03319106408295444,0.00015057545321040474,0.014819089682309078,0.015410558116206901,0.044457269046927234,0.19501555398944143,1.676102979419552,0.1127488386374554,0.11231196856946772,0.1606560396873134,0.3382465159123662
