,filename,speaker,meanF0,stdevF0,hnr,localJitter,localabsoluteJitter,rapJitter,ppq5Jitter,ddpJitter,localShimmer,localdbShimmer,apq3Shimmer,apq5Shimmer,apq11Shimmer,ddaShimmer
0,sam_1346_biofuels_con_opening_daniel,sam,184.1692561975465,120.98261323335382,4.883508988392104,0.026251229545339004,0.00015226404905669807,0.011274539657200404,0.012697731573660182,0.03382361897160121,0.17646317667634376,1.5402069734030488,0.09643806380994291,0.10715837816961109,0.14274036349829552,0.2893141914298287
