,filename,speaker,meanF0,stdevF0,hnr,localJitter,localabsoluteJitter,rapJitter,ppq5Jitter,ddpJitter,localShimmer,localdbShimmer,apq3Shimmer,apq5Shimmer,apq11Shimmer,ddaShimmer
0,sam_3186_flat-tax_con_opening_tim,sam,204.87151477290448,151.06328566020247,4.681014261009928,0.02888087466669858,0.00016424393428058335,0.011022864882073005,0.012860771210121344,0.033068594646219016,0.1731252340173357,1.570919323912257,0.09795144002118311,0.09958525121605807,0.1456668589186459,0.29385432006354933
