,filename,speaker,meanF0,stdevF0,hnr,localJitter,localabsoluteJitter,rapJitter,ppq5Jitter,ddpJitter,localShimmer,localdbShimmer,apq3Shimmer,apq5Shimmer,apq11Shimmer,ddaShimmer
0,sam_1961_sex-education_con_opening_yaar,sam,306.77417963888166,158.52294504434,4.022020578570209,0.05034980666452089,0.00018563721059749924,0.02530570953386483,0.027268034966721193,0.0759171286015945,0.20911473208976483,1.740760486921253,0.11605140836514838,0.14279845398266255,0.20273283702168102,0.34815422509544514
