,filename,speaker,meanF0,stdevF0,hnr,localJitter,localabsoluteJitter,rapJitter,ppq5Jitter,ddpJitter,localShimmer,localdbShimmer,apq3Shimmer,apq5Shimmer,apq11Shimmer,ddaShimmer
0,sam_3163_asylum_pro_opening,sam,114.53825514921355,39.8487590754752,11.276961153585175,0.02893575973542684,0.00025473071285905173,0.010756309802659795,0.013367884220272222,0.03226892940797939,0.11405854722147496,1.0776908359834703,0.04344814613422173,0.06585911407245948,0.11564358055082419,0.13034443840266519
