,filename,speaker,meanF0,stdevF0,hnr,localJitter,localabsoluteJitter,rapJitter,ppq5Jitter,ddpJitter,localShimmer,localdbShimmer,apq3Shimmer,apq5Shimmer,apq11Shimmer,ddaShimmer
0,tim_683_windpower_con_opening_hayah,tim,172.49396662022008,49.44613810258215,9.285990355353045,0.0257799649412619,0.00015034524862672267,0.011535648481739779,0.01327227979431059,0.034606945445219334,0.13019280453534524,1.2337071499427374,0.05346257354339595,0.07797787251000587,0.13647566030197505,0.16038772063018786
