,filename,speaker,meanF0,stdevF0,hnr,localJitter,localabsoluteJitter,rapJitter,ppq5Jitter,ddpJitter,localShimmer,localdbShimmer,apq3Shimmer,apq5Shimmer,apq11Shimmer,ddaShimmer
0,tim_642_partial-birth-abortions_pro_opening,tim,159.37304035987802,62.73533628675985,7.809676771416528,0.028649414882450947,0.00018198692042020376,0.01384834999137147,0.01557320825236488,0.041545049974114415,0.15918353951374842,1.415145370818929,0.0701784107514528,0.09537697551476124,0.15165455216874482,0.21053523225435838
