,filename,speaker,meanF0,stdevF0,hnr,localJitter,localabsoluteJitter,rapJitter,ppq5Jitter,ddpJitter,localShimmer,localdbShimmer,apq3Shimmer,apq5Shimmer,apq11Shimmer,ddaShimmer
0,tim_3180_goal-line_con_opening_yaar,tim,178.52254596902534,57.15281532786722,9.000302799806255,0.026217226220495975,0.0001477427535262158,0.011817840116549228,0.013509384900966192,0.03545352034964769,0.12462726843847705,1.1982637466440107,0.05122758777730816,0.07331187099509609,0.12851921023345,0.1536827633319245
