,filename,speaker,meanF0,stdevF0,hnr,localJitter,localabsoluteJitter,rapJitter,ppq5Jitter,ddpJitter,localShimmer,localdbShimmer,apq3Shimmer,apq5Shimmer,apq11Shimmer,ddaShimmer
0,tim_3178_covenant-marriage_pro_opening,tim,177.13625131916692,57.073975350403245,8.82367212770945,0.02552576439750231,0.00014517868554744386,0.011769313180284548,0.013200938786949185,0.03530793954085364,0.1397086173947782,1.2821773449244325,0.057651685722482485,0.07891519897204835,0.1392870729920221,0.17295505716744747
