,filename,speaker,meanF0,stdevF0,hnr,localJitter,localabsoluteJitter,rapJitter,ppq5Jitter,ddpJitter,localShimmer,localdbShimmer,apq3Shimmer,apq5Shimmer,apq11Shimmer,ddaShimmer
0,tim_926_asean_pro_opening,tim,176.90767808107978,67.2008341971296,9.746436808152588,0.025603919407438253,0.00014612944184912667,0.011676855202316313,0.013345384138902343,0.035030565606948935,0.13492457912440167,1.2638888709233984,0.05389601311676911,0.0776261968307832,0.1402943157718633,0.16168803935030732
