,filename,speaker,meanF0,stdevF0,hnr,localJitter,localabsoluteJitter,rapJitter,ppq5Jitter,ddpJitter,localShimmer,localdbShimmer,apq3Shimmer,apq5Shimmer,apq11Shimmer,ddaShimmer
0,tim_986_polygamy_pro_opening,tim,156.03350342907285,55.8323085686499,8.894370650110725,0.027220024475672483,0.0001758336915546691,0.012740328657658817,0.014210317225864954,0.03822098597297645,0.14765127236033057,1.2902423534554988,0.06390903446931956,0.0850201287696303,0.13124296838574823,0.19172710340795868
