,filename,speaker,meanF0,stdevF0,hnr,localJitter,localabsoluteJitter,rapJitter,ppq5Jitter,ddpJitter,localShimmer,localdbShimmer,apq3Shimmer,apq5Shimmer,apq11Shimmer,ddaShimmer
0,tim_994_hydroelectric-dams_con_opening_yaar,tim,167.5997006529682,71.67606271235947,8.296431472691967,0.027973047342424597,0.00016860649744858153,0.013638830992042814,0.015177056084716865,0.04091649297612844,0.15330231915202125,1.370041080763093,0.06598068410727904,0.08804882322108845,0.14006296011006603,0.19794205232183715
