,filename,speaker,meanF0,stdevF0,hnr,localJitter,localabsoluteJitter,rapJitter,ppq5Jitter,ddpJitter,localShimmer,localdbShimmer,apq3Shimmer,apq5Shimmer,apq11Shimmer,ddaShimmer
0,tim_1264_human-cloning_pro_opening,tim,155.5451710399319,47.83143198068444,8.552196272888908,0.02701352280901797,0.00017431620060641287,0.012669450335348201,0.01433869886585995,0.038008351006044605,0.14641701856911404,1.3373706113919954,0.0619994826939283,0.08756531851167627,0.1479302717848562,0.1859984480817849
