,filename,speaker,meanF0,stdevF0,hnr,localJitter,localabsoluteJitter,rapJitter,ppq5Jitter,ddpJitter,localShimmer,localdbShimmer,apq3Shimmer,apq5Shimmer,apq11Shimmer,ddaShimmer
0,tim_2488_un-veto_pro_opening,tim,159.72057998688877,49.936125711614935,8.088820363752776,0.022306042884006637,0.00014056559437654122,0.009836845125127565,0.011580911921245636,0.029510535375382695,0.13365931974377107,1.22364469468118,0.05410769058264609,0.07620250424708136,0.13661234581784185,0.16232307174793828
