,filename,speaker,meanF0,stdevF0,hnr,localJitter,localabsoluteJitter,rapJitter,ppq5Jitter,ddpJitter,localShimmer,localdbShimmer,apq3Shimmer,apq5Shimmer,apq11Shimmer,ddaShimmer
0,tim_1401_vegetarianism_con_opening_james,tim,161.62477803836543,65.2308314124178,8.11141623754913,0.028081892235792452,0.0001753274545088235,0.013636065764494963,0.015466013355539815,0.04090819729348489,0.15932990993748555,1.405012407033903,0.07077330930544054,0.09354558358760891,0.14474644991786004,0.21231992791632162
