,filename,speaker,meanF0,stdevF0,hnr,localJitter,localabsoluteJitter,rapJitter,ppq5Jitter,ddpJitter,localShimmer,localdbShimmer,apq3Shimmer,apq5Shimmer,apq11Shimmer,ddaShimmer
0,tim_2185_unconventional-oil_pro_opening,tim,157.71246757168961,57.071545317782615,7.967596709498747,0.02635987987280317,0.00016856356677533556,0.012887266538770958,0.014594615738198263,0.03866179961631287,0.15329176040635747,1.3809383709727459,0.06772733317372702,0.09377167872655388,0.14811690473600528,0.20318199952118104
