,filename,speaker,meanF0,stdevF0,hnr,localJitter,localabsoluteJitter,rapJitter,ppq5Jitter,ddpJitter,localShimmer,localdbShimmer,apq3Shimmer,apq5Shimmer,apq11Shimmer,ddaShimmer
0,tim_881_holocaust-denial_pro_opening,tim,162.47396766277308,56.530894056439486,9.00955784529192,0.02621813314207752,0.00016244878213510323,0.011866461592420928,0.01352004914675106,0.03559938477726279,0.13972475509520257,1.2734567848440959,0.05812524198682578,0.0814562995244417,0.1371889085902763,0.17437572596047735
