,filename,speaker,meanF0,stdevF0,hnr,localJitter,localabsoluteJitter,rapJitter,ppq5Jitter,ddpJitter,localShimmer,localdbShimmer,apq3Shimmer,apq5Shimmer,apq11Shimmer,ddaShimmer
0,tim_1902_ivory-trade_con_opening_yaar,tim,149.1509964248723,50.411633317366125,9.255507594680525,0.02506185845568634,0.00016915109742500394,0.010837881537597741,0.012520298585839508,0.03251364461279323,0.13549188277042867,1.2161159261913985,0.057431588298576385,0.07800745014505835,0.130843627101975,0.17229476489572915
