,filename,speaker,meanF0,stdevF0,hnr,localJitter,localabsoluteJitter,rapJitter,ppq5Jitter,ddpJitter,localShimmer,localdbShimmer,apq3Shimmer,apq5Shimmer,apq11Shimmer,ddaShimmer
0,tim_3168_year-round-school_pro_opening,tim,165.42936087995375,55.444888519893176,6.695439370885504,0.028190199652246815,0.00017105884631534972,0.01363955389998025,0.01595667588911035,0.04091866169994075,0.1581409978441638,1.4118064298374793,0.06969350612763218,0.0977030381525943,0.15511884848169324,0.20908051838289654
