,filename,speaker,meanF0,stdevF0,hnr,localJitter,localabsoluteJitter,rapJitter,ppq5Jitter,ddpJitter,localShimmer,localdbShimmer,apq3Shimmer,apq5Shimmer,apq11Shimmer,ddaShimmer
0,tim_2185_unconventional-oil_con_opening_daniel,tim,163.96875607188062,66.80118883907821,7.23399493396692,0.02864932050174084,0.00017644018595151548,0.01412533142210299,0.01599065946768409,0.04237599426630897,0.1638690794030855,1.457835522521107,0.07431720227117614,0.10160858730774905,0.16791131764676911,0.2229516068135284
