,filename,speaker,meanF0,stdevF0,hnr,localJitter,localabsoluteJitter,rapJitter,ppq5Jitter,ddpJitter,localShimmer,localdbShimmer,apq3Shimmer,apq5Shimmer,apq11Shimmer,ddaShimmer
0,tim_681_ip-rights_con_opening_james,tim,171.0608157756426,66.54088591673305,8.100505319808939,0.027248470253561367,0.0001605828587579012,0.012897522323417334,0.015026524084539989,0.038692566970252,0.14690748130798725,1.3285615089027198,0.06294123971672137,0.08788824654377318,0.14044022973876272,0.1888237191501641
