,filename,speaker,meanF0,stdevF0,hnr,localJitter,localabsoluteJitter,rapJitter,ppq5Jitter,ddpJitter,localShimmer,localdbShimmer,apq3Shimmer,apq5Shimmer,apq11Shimmer,ddaShimmer
0,tim_1902_ivory-trade_con_opening_will,tim,190.85788180359128,53.34635599656545,10.69353750759206,0.025715715100037097,0.00013540704480967625,0.011905098638357309,0.013810324542217065,0.03571529591507193,0.13609166622183383,1.2765242104799064,0.05505741486782282,0.08264302065010684,0.14372444483165442,0.16517224460346847
