,filename,speaker,meanF0,stdevF0,hnr,localJitter,localabsoluteJitter,rapJitter,ppq5Jitter,ddpJitter,localShimmer,localdbShimmer,apq3Shimmer,apq5Shimmer,apq11Shimmer,ddaShimmer
0,tim_1963_bullfighting_con_opening_will,tim,184.4832347855951,58.06372044933991,9.613172062978979,0.026760069213627283,0.00014592875347728464,0.013077707059471253,0.014157155559348527,0.03923312117841376,0.14992145082432795,1.3284637443748688,0.0660910179580588,0.08614988269869626,0.14009917198773686,0.1982730538741764
