,filename,speaker,meanF0,stdevF0,hnr,localJitter,localabsoluteJitter,rapJitter,ppq5Jitter,ddpJitter,localShimmer,localdbShimmer,apq3Shimmer,apq5Shimmer,apq11Shimmer,ddaShimmer
0,tim_3191_recall-elections_con_opening_james,tim,175.24040669107245,47.026203017317044,9.641225575858565,0.026443054831508196,0.00015155215781967955,0.011546288843088252,0.013436553744452096,0.034638866529264754,0.13007463601248287,1.2325145061455642,0.05167279775932812,0.07669998392762029,0.13990304694335792,0.15501839327798436
