,filename,speaker,meanF0,stdevF0,hnr,localJitter,localabsoluteJitter,rapJitter,ppq5Jitter,ddpJitter,localShimmer,localdbShimmer,apq3Shimmer,apq5Shimmer,apq11Shimmer,ddaShimmer
0,tim_2402_guantanamo_con_opening_daniel,tim,167.00640745260375,63.09869264029543,7.59077605294326,0.026253066939843646,0.00015902727586986925,0.012607547397038584,0.014577402248210873,0.03782264219111575,0.15313207992929534,1.3575303723310344,0.06614729645977786,0.08997400893762408,0.13942533412041208,0.1984418893793336
