,filename,speaker,meanF0,stdevF0,hnr,localJitter,localabsoluteJitter,rapJitter,ppq5Jitter,ddpJitter,localShimmer,localdbShimmer,apq3Shimmer,apq5Shimmer,apq11Shimmer,ddaShimmer
0,tim_1103_anti-social_pro_opening,tim,157.66328543696758,61.47713764588365,9.551957291820559,0.02835458038648279,0.0001821995321380703,0.013561866468983589,0.014922402066221236,0.04068559940695077,0.14466752952655226,1.307863121584855,0.061137071622765354,0.0849211266052541,0.1446463487703254,0.18341121486829606
