,filename,speaker,meanF0,stdevF0,hnr,localJitter,localabsoluteJitter,rapJitter,ppq5Jitter,ddpJitter,localShimmer,localdbShimmer,apq3Shimmer,apq5Shimmer,apq11Shimmer,ddaShimmer
0,tim_3175_abstinence-only_con_opening_james,tim,164.8267238254661,53.17318988850884,6.965821248679392,0.02881520478304382,0.00017576675286735193,0.01381500348371919,0.0161321813920565,0.041445010451157574,0.15275005144725445,1.3734813564547408,0.06716213648390383,0.09434072440670728,0.16040553847862174,0.20148640945171148
