,filename,speaker,meanF0,stdevF0,hnr,localJitter,localabsoluteJitter,rapJitter,ppq5Jitter,ddpJitter,localShimmer,localdbShimmer,apq3Shimmer,apq5Shimmer,apq11Shimmer,ddaShimmer
0,tim_2486_electoral-college_con_opening_james,tim,157.86502039835835,53.341398817193046,8.418543576025938,0.02537054342093649,0.0001614700771841389,0.011911561239105915,0.013344004681928649,0.03573468371731774,0.14622513926041644,1.3517327288867216,0.060599745621609316,0.08611520465861806,0.1490121227966047,0.18179923686482796
