,filename,speaker,meanF0,stdevF0,hnr,localJitter,localabsoluteJitter,rapJitter,ppq5Jitter,ddpJitter,localShimmer,localdbShimmer,apq3Shimmer,apq5Shimmer,apq11Shimmer,ddaShimmer
0,tim_3186_flat-tax_con_opening_rachel,tim,208.99596082812008,58.17747149190129,10.677242263999583,0.021537450173853553,0.00010356800543474798,0.009292824715579065,0.010550972062139842,0.027878474146737192,0.13023542616198594,1.225546789584327,0.05228800554820985,0.07738620032581994,0.13631432743433355,0.15686401664462957
