,filename,speaker,meanF0,stdevF0,hnr,localJitter,localabsoluteJitter,rapJitter,ppq5Jitter,ddpJitter,localShimmer,localdbShimmer,apq3Shimmer,apq5Shimmer,apq11Shimmer,ddaShimmer
0,tim_3191_recall-elections_pro_opening,tim,169.78462381856238,50.978401998660544,7.4993382050292166,0.026627049477615284,0.0001576175992464205,0.012785795718560368,0.014816078919795478,0.03835738715568111,0.1529365521438524,1.3866344434337268,0.06556661248740939,0.09392346897986953,0.1533009114009319,0.19669983746222816
