,filename,speaker,meanF0,stdevF0,hnr,localJitter,localabsoluteJitter,rapJitter,ppq5Jitter,ddpJitter,localShimmer,localdbShimmer,apq3Shimmer,apq5Shimmer,apq11Shimmer,ddaShimmer
0,tim_3186_flat-tax_pro_opening,tim,167.83997768072265,55.450508696223686,8.515145878908601,0.024850164393643393,0.0001492725711803037,0.010978931998937656,0.012464535551410099,0.03293679599681297,0.13184701732610107,1.2135232099555342,0.053231748182960156,0.07470245336302113,0.1336082188835376,0.15969524454888046
