,filename,speaker,meanF0,stdevF0,hnr,localJitter,localabsoluteJitter,rapJitter,ppq5Jitter,ddpJitter,localShimmer,localdbShimmer,apq3Shimmer,apq5Shimmer,apq11Shimmer,ddaShimmer
0,tim_3181_same-sex-marriage_con_opening_will,tim,179.32045913436917,56.511679756756756,9.815206371269909,0.025692985692933087,0.00014403544887186065,0.01144251947863544,0.013031839732484077,0.03432755843590632,0.12854911571083105,1.2218662524340957,0.05398573298587179,0.07642362806017357,0.13105500190743466,0.16195719895761537
