,filename,speaker,meanF0,stdevF0,hnr,localJitter,localabsoluteJitter,rapJitter,ppq5Jitter,ddpJitter,localShimmer,localdbShimmer,apq3Shimmer,apq5Shimmer,apq11Shimmer,ddaShimmer
0,tim_2402_guantanamo_pro_opening,tim,149.2175202041729,46.16099459317958,8.003750641595179,0.026068962382383747,0.00017556781114288553,0.012523149185817317,0.014087725225409308,0.03756944755745195,0.14825834026647908,1.3451532086985327,0.06659235005272535,0.09089642027093167,0.14092230451691537,0.19977705015817604
