,filename,speaker,meanF0,stdevF0,hnr,localJitter,localabsoluteJitter,rapJitter,ppq5Jitter,ddpJitter,localShimmer,localdbShimmer,apq3Shimmer,apq5Shimmer,apq11Shimmer,ddaShimmer
0,tim_1322_beauty-pageants_pro_opening,tim,158.8318981349535,49.61193929697564,7.549441710097295,0.028303496781835743,0.0001792775802270856,0.013657412255900753,0.016027579030016195,0.04097223676770226,0.1501153873117457,1.3588942164550708,0.06431630629971756,0.09263767127852657,0.15756070145193715,0.19294891889915267
