,filename,speaker,meanF0,stdevF0,hnr,localJitter,localabsoluteJitter,rapJitter,ppq5Jitter,ddpJitter,localShimmer,localdbShimmer,apq3Shimmer,apq5Shimmer,apq11Shimmer,ddaShimmer
0,tim_3169_atheism_pro_opening,tim,162.9915413019672,55.420765217342854,8.236646522278441,0.02575996103076167,0.00015930082977063452,0.011509094124718584,0.013563077610653859,0.034527282374155754,0.13479964874975098,1.2354765870097097,0.054055752698450914,0.07695765875119491,0.13562870347064404,0.16216725809535273
