,filename,speaker,meanF0,stdevF0,hnr,localJitter,localabsoluteJitter,rapJitter,ppq5Jitter,ddpJitter,localShimmer,localdbShimmer,apq3Shimmer,apq5Shimmer,apq11Shimmer,ddaShimmer
0,will_1264_human-cloning_con_opening_james,will,122.45771815742614,47.792523103427186,12.197167892163602,0.03516406350486765,0.0002902040261800484,0.013807080012551811,0.01448609640778039,0.04142124003765543,0.09353506135966104,0.8713353266952976,0.03011971982848088,0.04716833451476905,0.09404445534085269,0.09035915948544264
