,filename,speaker,meanF0,stdevF0,hnr,localJitter,localabsoluteJitter,rapJitter,ppq5Jitter,ddpJitter,localShimmer,localdbShimmer,apq3Shimmer,apq5Shimmer,apq11Shimmer,ddaShimmer
0,will_2110_age-of-consent_con_opening_james,will,121.87681563186689,44.52188993624258,13.466258137001198,0.035917479771159944,0.00029834608289094265,0.014966076100509115,0.015170697287394086,0.04489822830152734,0.09613550222802367,0.8640632459465521,0.033890868412546245,0.050721315364385164,0.09000353990025095,0.10167260523763874
