,filename,speaker,meanF0,stdevF0,hnr,localJitter,localabsoluteJitter,rapJitter,ppq5Jitter,ddpJitter,localShimmer,localdbShimmer,apq3Shimmer,apq5Shimmer,apq11Shimmer,ddaShimmer
0,will_381_monarchy_con_opening_yaar,will,129.73205841260005,46.42548957382114,11.773814101313848,0.028977016643503516,0.00022577060705384797,0.010774062003339297,0.01256304934773723,0.03232218601001789,0.10176917835498905,0.9622617042140221,0.03275399081663143,0.051533170147582796,0.1062286035598963,0.09826197244989429
