,filename,speaker,meanF0,stdevF0,hnr,localJitter,localabsoluteJitter,rapJitter,ppq5Jitter,ddpJitter,localShimmer,localdbShimmer,apq3Shimmer,apq5Shimmer,apq11Shimmer,ddaShimmer
0,will_683_windpower_pro_opening,will,149.10788264911756,54.72646286072014,12.393956703978686,0.02659454689544604,0.00018100695813281874,0.008990553305981737,0.010398597036362445,0.026971659917945208,0.09042524126626363,0.8426832762304888,0.028362700985990433,0.04498313398148326,0.09104861557930909,0.0850881029579713
