,filename,speaker,meanF0,stdevF0,hnr,localJitter,localabsoluteJitter,rapJitter,ppq5Jitter,ddpJitter,localShimmer,localdbShimmer,apq3Shimmer,apq5Shimmer,apq11Shimmer,ddaShimmer
0,will_2502_drinking-age_con_opening_james,will,140.4764560379247,53.850499751317656,13.149317658085447,0.032471224840581826,0.00023464212623493336,0.012213237950882931,0.012310405533580714,0.036639713852648796,0.09428554705265885,0.8841569807254621,0.03183655216405607,0.048080963175738525,0.09565081465678123,0.09550965649216822
