,filename,speaker,meanF0,stdevF0,hnr,localJitter,localabsoluteJitter,rapJitter,ppq5Jitter,ddpJitter,localShimmer,localdbShimmer,apq3Shimmer,apq5Shimmer,apq11Shimmer,ddaShimmer
0,will_3183_racial-profiling_con_opening_james,will,132.5005401145205,61.5669192371638,12.15600187320453,0.03678238182052058,0.0002841135354949708,0.014199007838975168,0.015469756571598983,0.04259702351692551,0.09737471895355794,0.9240217523384275,0.03161229973499076,0.04845496538010666,0.10079329241983896,0.09483689920497228
