,filename,speaker,meanF0,stdevF0,hnr,localJitter,localabsoluteJitter,rapJitter,ppq5Jitter,ddpJitter,localShimmer,localdbShimmer,apq3Shimmer,apq5Shimmer,apq11Shimmer,ddaShimmer
0,will_3184_internet-censorship_con_opening_james,will,133.048934762934,47.101865838459766,12.4697788228305,0.0313074812342041,0.0002374709776252559,0.011729733397928108,0.013112181032766665,0.035189200193784326,0.09845140320396238,0.9257212810300356,0.031621577546319585,0.05049845234184971,0.10257918341022888,0.09486473263895875
