,filename,speaker,meanF0,stdevF0,hnr,localJitter,localabsoluteJitter,rapJitter,ppq5Jitter,ddpJitter,localShimmer,localdbShimmer,apq3Shimmer,apq5Shimmer,apq11Shimmer,ddaShimmer
0,will_1187_cannabis_pro_opening,will,138.923646706061,47.804376039575835,10.360020954431816,0.03225396071830724,0.0002343869168497025,0.012520772248381662,0.015067125387459118,0.037562316745144986,0.1067380092404307,0.9751349154798064,0.03649283149994577,0.059403194139295984,0.11863750471294675,0.1094784944998373
