,filename,speaker,meanF0,stdevF0,hnr,localJitter,localabsoluteJitter,rapJitter,ppq5Jitter,ddpJitter,localShimmer,localdbShimmer,apq3Shimmer,apq5Shimmer,apq11Shimmer,ddaShimmer
0,will_1963_bullfighting_con_opening_james,will,141.1609298484828,46.36619498545062,12.652251184607634,0.027802245422740915,0.0001988218716909611,0.010157612102704897,0.011379864300340702,0.03047283630811469,0.09234042028652613,0.8514363398399929,0.028791791632650065,0.04651720773698188,0.09434416531890853,0.08637537489795019
