,filename,speaker,meanF0,stdevF0,hnr,localJitter,localabsoluteJitter,rapJitter,ppq5Jitter,ddpJitter,localShimmer,localdbShimmer,apq3Shimmer,apq5Shimmer,apq11Shimmer,ddaShimmer
0,will_881_holocaust-denial_con_opening_rachel,will,128.8765903914536,47.00096795805285,12.277491162363129,0.029855633227151342,0.00023420359013167616,0.011008279245838123,0.012627947386703548,0.03302483773751437,0.09879783451293239,0.9311470083340223,0.030765082873119347,0.04956179271053342,0.10433604713847675,0.09229524861935803
