,filename,speaker,meanF0,stdevF0,hnr,localJitter,localabsoluteJitter,rapJitter,ppq5Jitter,ddpJitter,localShimmer,localdbShimmer,apq3Shimmer,apq5Shimmer,apq11Shimmer,ddaShimmer
0,will_1187_cannabis_con_opening_daniel,will,144.63607261525163,51.87025783452231,10.436669503048824,0.03255673841462649,0.00022730181729063568,0.012772133296807148,0.014465186132815548,0.038316399890421446,0.10157248306759857,0.9295828225626392,0.036330028008805665,0.05800919193573262,0.10992964991945903,0.108990084026417
