,filename,speaker,meanF0,stdevF0,hnr,localJitter,localabsoluteJitter,rapJitter,ppq5Jitter,ddpJitter,localShimmer,localdbShimmer,apq3Shimmer,apq5Shimmer,apq11Shimmer,ddaShimmer
0,will_1542_libertarian_pro_opening,will,146.28905844275235,57.78964871293811,11.87214077175875,0.029319696240455134,0.0002031379380845979,0.01027719044542138,0.011979522727152098,0.030831571336264144,0.09903837449108088,0.9402558478950389,0.03157437843266692,0.049047880906039454,0.10247133485202792,0.09472313529800078
