,filename,speaker,meanF0,stdevF0,hnr,localJitter,localabsoluteJitter,rapJitter,ppq5Jitter,ddpJitter,localShimmer,localdbShimmer,apq3Shimmer,apq5Shimmer,apq11Shimmer,ddaShimmer
0,will_3181_same-sex-marriage_pro_opening,will,153.8094926105014,56.402325125767476,9.879087913647442,0.03070803194345098,0.0002014753011969748,0.01195531699904144,0.014419686450672885,0.03586595099712432,0.1062129091809251,0.9630519259747388,0.038376209180740396,0.05987406706360101,0.11108500536448954,0.1151286275422212
