,filename,speaker,meanF0,stdevF0,hnr,localJitter,localabsoluteJitter,rapJitter,ppq5Jitter,ddpJitter,localShimmer,localdbShimmer,apq3Shimmer,apq5Shimmer,apq11Shimmer,ddaShimmer
0,will_1902_ivory-trade_pro_opening,will,141.93975792728173,49.70595242372371,11.889345037420279,0.02932571284634349,0.0002084870460240001,0.011051723011865522,0.012279054200358396,0.033155169035596566,0.0933219707827952,0.8832598786241844,0.029866022314730987,0.04687523772805886,0.09867440485672077,0.08959806694419296
