,filename,speaker,meanF0,stdevF0,hnr,localJitter,localabsoluteJitter,rapJitter,ppq5Jitter,ddpJitter,localShimmer,localdbShimmer,apq3Shimmer,apq5Shimmer,apq11Shimmer,ddaShimmer
0,will_1103_anti-social_con_opening_james,will,135.5568570285744,51.596865155601996,12.157705869658114,0.031395111608571356,0.000234564339310202,0.012214166893147667,0.012545899278049562,0.036642500679443,0.09477667495112131,0.8941205837613216,0.030958840499847082,0.047083440907663324,0.09843350557980768,0.09287652149954125
