,filename,speaker,meanF0,stdevF0,hnr,localJitter,localabsoluteJitter,rapJitter,ppq5Jitter,ddpJitter,localShimmer,localdbShimmer,apq3Shimmer,apq5Shimmer,apq11Shimmer,ddaShimmer
0,will_3180_goal-line_con_opening_james,will,125.84923788837912,48.23111353569449,13.037746401084183,0.03431011370711355,0.00027584692745780197,0.013423772332520264,0.013310032388866069,0.04027131699756079,0.0913099464330843,0.8615125356762784,0.029471866032383227,0.04458672598114804,0.08396208257714534,0.08841559809714969
