,filename,speaker,meanF0,stdevF0,hnr,localJitter,localabsoluteJitter,rapJitter,ppq5Jitter,ddpJitter,localShimmer,localdbShimmer,apq3Shimmer,apq5Shimmer,apq11Shimmer,ddaShimmer
0,will_1161_cosmetic-surgery_pro_opening,will,133.56069330965443,53.75884242455571,11.177028496032428,0.03176827408148749,0.00024056760545945006,0.012324676142015586,0.01412609823494189,0.03697402842604676,0.09688920999570372,0.8878426425306662,0.03343480836213549,0.053629999248875224,0.10199982514464805,0.10030442508640647
