,filename,speaker,meanF0,stdevF0,hnr,localJitter,localabsoluteJitter,rapJitter,ppq5Jitter,ddpJitter,localShimmer,localdbShimmer,apq3Shimmer,apq5Shimmer,apq11Shimmer,ddaShimmer
0,will_2488_un-veto_con_opening_james,will,141.92602207693992,48.79233823265125,10.818959870023393,0.031240972462179332,0.00022230454027888236,0.01235322670503775,0.014161373427108756,0.03705968011511325,0.09916328943307545,0.9074192844314645,0.03457894715567734,0.05473912030889642,0.10694763526260483,0.10373684146703202
