,filename,speaker,meanF0,stdevF0,hnr,localJitter,localabsoluteJitter,rapJitter,ppq5Jitter,ddpJitter,localShimmer,localdbShimmer,apq3Shimmer,apq5Shimmer,apq11Shimmer,ddaShimmer
0,will_3175_abstinence-only_pro_opening,will,142.39929214667706,57.09056628971217,12.164710350009743,0.031340647631693606,0.00022304609698883379,0.011146367609207685,0.012664843507674746,0.03343910282762305,0.09513474335740821,0.9127436025642559,0.02971495029739884,0.04699935067117686,0.09889069972868743,0.08914485089219651
