,filename,speaker,meanF0,stdevF0,hnr,localJitter,localabsoluteJitter,rapJitter,ppq5Jitter,ddpJitter,localShimmer,localdbShimmer,apq3Shimmer,apq5Shimmer,apq11Shimmer,ddaShimmer
0,will_1963_bullfighting_pro_opening,will,132.54814610065063,49.506156181806816,12.035094236281703,0.03100286705680114,0.00023666233041901906,0.01163175569709564,0.013369016254833933,0.03489526709128692,0.09345748918007217,0.9013918852972206,0.029506417823792645,0.04764609985220187,0.100988806449181,0.08851925347137793
