,filename,speaker,meanF0,stdevF0,hnr,localJitter,localabsoluteJitter,rapJitter,ppq5Jitter,ddpJitter,localShimmer,localdbShimmer,apq3Shimmer,apq5Shimmer,apq11Shimmer,ddaShimmer
0,will_121_ban-boxing_con_opening_james,will,157.32943148384913,51.79746639889666,11.73462650472774,0.025172085244716595,0.00016188106129204132,0.009028169273663181,0.011273168731480706,0.027084507820989544,0.1014713542010658,0.8956568203953629,0.03628301981855931,0.056793742649751164,0.1055426787328829,0.10884905945567794
