,filename,speaker,meanF0,stdevF0,hnr,localJitter,localabsoluteJitter,rapJitter,ppq5Jitter,ddpJitter,localShimmer,localdbShimmer,apq3Shimmer,apq5Shimmer,apq11Shimmer,ddaShimmer
0,will_1961_sex-education_con_opening_james,will,136.7265327055936,55.938629450154735,11.135357073138016,0.031110188664526157,0.00023054005645815266,0.012339698230528329,0.013269367585434077,0.037019094691584986,0.09520903164535739,0.9204399521050881,0.03030189998283614,0.047787093171180885,0.1029981539667597,0.09090569994850842
