,filename,speaker,meanF0,stdevF0,hnr,localJitter,localabsoluteJitter,rapJitter,ppq5Jitter,ddpJitter,localShimmer,localdbShimmer,apq3Shimmer,apq5Shimmer,apq11Shimmer,ddaShimmer
0,will_1542_libertarian_con_opening_daniel,will,137.91514162726824,51.06117889452257,11.965511874948527,0.031047546250996448,0.00022747104121561033,0.011377890109990876,0.013235450095396645,0.034133670329972624,0.09883817705157168,0.8947604390080645,0.034057461963293026,0.05385637916628518,0.10215185984286591,0.10217238588987908
