,filename,speaker,meanF0,stdevF0,hnr,localJitter,localabsoluteJitter,rapJitter,ppq5Jitter,ddpJitter,localShimmer,localdbShimmer,apq3Shimmer,apq5Shimmer,apq11Shimmer,ddaShimmer
0,will_2559_nato_con_opening_james,will,146.76405820641244,57.33360634702401,12.804701887789758,0.02737737262783686,0.0001888156210037576,0.010150063351912894,0.011024062362403716,0.03045019005573868,0.09222026984487008,0.8671703783913762,0.029813194415433338,0.047265948704991415,0.09302530287101447,0.08943958324630001
