,filename,speaker,meanF0,stdevF0,hnr,localJitter,localabsoluteJitter,rapJitter,ppq5Jitter,ddpJitter,localShimmer,localdbShimmer,apq3Shimmer,apq5Shimmer,apq11Shimmer,ddaShimmer
0,will_81_physical-education_pro_opening,will,131.4400766249905,41.09775586060683,11.679725643448938,0.02777103794615025,0.0002132318681473826,0.01006345035767702,0.011829977118196685,0.030190351073031058,0.09728118848627564,0.9077737026369022,0.030797853488733797,0.049781485881202604,0.10434344047697316,0.0923935604662014
