,filename,speaker,meanF0,stdevF0,hnr,localJitter,localabsoluteJitter,rapJitter,ppq5Jitter,ddpJitter,localShimmer,localdbShimmer,apq3Shimmer,apq5Shimmer,apq11Shimmer,ddaShimmer
0,will_3182_universal-health-care_con_opening_james,will,150.74012844223125,52.96150521211599,12.996223997537825,0.030737266370072767,0.00020661880511058987,0.0112090860637358,0.011640015236380957,0.0336272581912074,0.09299393794196067,0.8562169940934321,0.029660093959972867,0.04610032367732118,0.09465241616540175,0.0889802818799186
