,filename,speaker,meanF0,stdevF0,hnr,localJitter,localabsoluteJitter,rapJitter,ppq5Jitter,ddpJitter,localShimmer,localdbShimmer,apq3Shimmer,apq5Shimmer,apq11Shimmer,ddaShimmer
0,will_1243_three-strikes_pro_opening,will,144.6042308227075,55.54963689191231,11.289261688170079,0.03269709221322339,0.00022858004703329017,0.012357042879750342,0.013042821730935109,0.03707112863925103,0.09773888486471044,0.91513868740958,0.03243249636572315,0.04957812398147439,0.10176827199082239,0.09729748909716945
