,filename,speaker,meanF0,stdevF0,hnr,localJitter,localabsoluteJitter,rapJitter,ppq5Jitter,ddpJitter,localShimmer,localdbShimmer,apq3Shimmer,apq5Shimmer,apq11Shimmer,ddaShimmer
0,will_681_ip-rights_con_opening_hayah,will,157.40838609782142,50.03431733541857,10.761276710517686,0.027424032506230853,0.00017589688649685613,0.010278977843203,0.012521775232384218,0.030836933529609,0.10382943461622457,0.9272153171669234,0.037345707614810514,0.059288174920603655,0.10863861945554402,0.11203712284443154
