,filename,speaker,meanF0,stdevF0,hnr,localJitter,localabsoluteJitter,rapJitter,ppq5Jitter,ddpJitter,localShimmer,localdbShimmer,apq3Shimmer,apq5Shimmer,apq11Shimmer,ddaShimmer
0,will_1661_school-uniforms_con_opening_james,will,129.91979973453434,48.14402562793695,13.658099214172594,0.03178658998530373,0.0002474191952510551,0.012721460181651269,0.012604131049107958,0.03816438054495381,0.09060948119725805,0.8540087179098244,0.02936727782526808,0.04415625980353674,0.0921450981210635,0.08810183347580425
