,filename,speaker,meanF0,stdevF0,hnr,localJitter,localabsoluteJitter,rapJitter,ppq5Jitter,ddpJitter,localShimmer,localdbShimmer,apq3Shimmer,apq5Shimmer,apq11Shimmer,ddaShimmer
0,will_642_partial-birth-abortions_con_opening_tim,will,138.0023212285384,50.84366185762655,12.180549690046972,0.029198272276111877,0.00021433636868699413,0.010298596397418007,0.011997591784153832,0.030895789192254018,0.10000174290961657,0.9517224095946192,0.03127457534639275,0.05051623963410412,0.10909678946728694,0.09382372603917824
