,filename,speaker,meanF0,stdevF0,hnr,localJitter,localabsoluteJitter,rapJitter,ppq5Jitter,ddpJitter,localShimmer,localdbShimmer,apq3Shimmer,apq5Shimmer,apq11Shimmer,ddaShimmer
0,will_994_hydroelectric-dams_con_opening_james,will,118.72058605423618,37.42711674170518,12.435973040084166,0.033135243972956245,0.00028119836049832154,0.013402940679560224,0.01352290404868172,0.040208822038680675,0.09019781584163311,0.8413516737516469,0.030629579821187834,0.04634062331161934,0.09476300000341861,0.0918887394635635
