,filename,speaker,meanF0,stdevF0,hnr,localJitter,localabsoluteJitter,rapJitter,ppq5Jitter,ddpJitter,localShimmer,localdbShimmer,apq3Shimmer,apq5Shimmer,apq11Shimmer,ddaShimmer
0,will_3162_multiculturalism_pro_opening,will,140.57932758045456,54.2774721504029,12.293533050631456,0.02850518625752941,0.00020519197943048024,0.010610999476050813,0.01176348962332,0.03183299842815244,0.0928760252408493,0.8989691203126151,0.028881758109134736,0.04517343607141194,0.09439809615667455,0.08664527432740421
