,filename,speaker,meanF0,stdevF0,hnr,localJitter,localabsoluteJitter,rapJitter,ppq5Jitter,ddpJitter,localShimmer,localdbShimmer,apq3Shimmer,apq5Shimmer,apq11Shimmer,ddaShimmer
0,will_3183_racial-profiling_pro_opening,will,140.5768847953148,56.281596244625284,11.360542691453993,0.03177355771406336,0.00022927879889026055,0.011256545326227765,0.012444810211380379,0.03376963597868329,0.09603851319629024,0.9173721884928873,0.029686987074892573,0.04721717568123054,0.09673151764674874,0.08906096122467771
