,filename,speaker,meanF0,stdevF0,hnr,localJitter,localabsoluteJitter,rapJitter,ppq5Jitter,ddpJitter,localShimmer,localdbShimmer,apq3Shimmer,apq5Shimmer,apq11Shimmer,ddaShimmer
0,will_3169_atheism_con_opening_james,will,175.06492619311197,65.40508340398193,13.265107056416838,0.023943887496114,0.0001382037452782228,0.00824786138861124,0.009815038848036505,0.02474358416583372,0.09106200091916979,0.8650888104869101,0.027468716693385218,0.04436159015290864,0.09202240162339503,0.08240615008015566
