,filename,speaker,meanF0,stdevF0,hnr,localJitter,localabsoluteJitter,rapJitter,ppq5Jitter,ddpJitter,localShimmer,localdbShimmer,apq3Shimmer,apq5Shimmer,apq11Shimmer,ddaShimmer
0,will_2110_age-of-consent_pro_opening,will,144.74885305150775,47.0753852254702,15.256655290118104,0.02292515163675018,0.00015984096498374402,0.007586453015456189,0.009352544552696887,0.02275935904636857,0.10250499012054506,0.9404459721846221,0.03338222547003003,0.05098723016734738,0.09308764079348711,0.10014667641009009
