,filename,speaker,meanF0,stdevF0,hnr,localJitter,localabsoluteJitter,rapJitter,ppq5Jitter,ddpJitter,localShimmer,localdbShimmer,apq3Shimmer,apq5Shimmer,apq11Shimmer,ddaShimmer
0,will_2483_anonymous-posts_pro_opening,will,132.05215592750008,47.563862027343596,11.7383370635481,0.030121626348495457,0.00023051475617377406,0.01115996391103692,0.012542448764344492,0.03347989173311076,0.0910220828686553,0.8679934570981218,0.02908125484668465,0.04589225070434652,0.09795944935720287,0.08724376454005395
