,filename,speaker,meanF0,stdevF0,hnr,localJitter,localabsoluteJitter,rapJitter,ppq5Jitter,ddpJitter,localShimmer,localdbShimmer,apq3Shimmer,apq5Shimmer,apq11Shimmer,ddaShimmer
0,will_2483_anonymous-posts_con_opening_james,will,139.99897384657064,53.627111466819144,12.421252646297221,0.029126030242768,0.00021047757010610415,0.010724623565980385,0.011906449072625289,0.032173870697941157,0.09693303514763792,0.9110561200658545,0.030613993682519984,0.0480747819780128,0.09624270388307513,0.09184198104755995
