,filename,speaker,meanF0,stdevF0,hnr,localJitter,localabsoluteJitter,rapJitter,ppq5Jitter,ddpJitter,localShimmer,localdbShimmer,apq3Shimmer,apq5Shimmer,apq11Shimmer,ddaShimmer
0,will_986_polygamy_con_opening_james,will,137.21206519819037,44.36054822977008,13.374612572614362,0.0284386822940931,0.00020970246966910084,0.010048162922712931,0.010959507137064886,0.030144488768138793,0.08644847745517284,0.7959034005157014,0.0282066671265434,0.04242242154196347,0.08134006228691694,0.08462000137963019
