,filename,speaker,meanF0,stdevF0,hnr,localJitter,localabsoluteJitter,rapJitter,ppq5Jitter,ddpJitter,localShimmer,localdbShimmer,apq3Shimmer,apq5Shimmer,apq11Shimmer,ddaShimmer
0,will_1401_vegetarianism_pro_opening,will,135.5078147582133,42.55102838656626,11.70957872338854,0.029045784304364077,0.0002159629260392944,0.010860580400424202,0.012278350864349804,0.03258174120127261,0.0963915432933112,0.8960193217179458,0.03020070787403613,0.04806758370050067,0.09855371421627258,0.09060212362210839
