,filename,speaker,meanF0,stdevF0,hnr,localJitter,localabsoluteJitter,rapJitter,ppq5Jitter,ddpJitter,localShimmer,localdbShimmer,apq3Shimmer,apq5Shimmer,apq11Shimmer,ddaShimmer
0,will_2481_fraternities_pro_opening,will,136.86843165145498,55.57948255125165,12.756048626839405,0.03500201165506715,0.0002599723484345563,0.013004548376852,0.014533142220974503,0.039013645130556,0.09840927610956604,0.9250133507686994,0.03236928439566309,0.04981175423763869,0.09558942193388618,0.09710785318698928
