,filename,speaker,meanF0,stdevF0,hnr,localJitter,localabsoluteJitter,rapJitter,ppq5Jitter,ddpJitter,localShimmer,localdbShimmer,apq3Shimmer,apq5Shimmer,apq11Shimmer,ddaShimmer
0,yaar_2526_double-jeopardy_con_opening_rachel,yaar,122.25463127678104,61.742099127288746,8.683769496762297,0.03391141284274935,0.0002874312234861329,0.01584703067954492,0.016595672478746323,0.047541092038634755,0.17529093312451327,1.5204618188900756,0.09153580129229114,0.10780557527946888,0.15538899695751598,0.27460740387687343
