,filename,speaker,meanF0,stdevF0,hnr,localJitter,localabsoluteJitter,rapJitter,ppq5Jitter,ddpJitter,localShimmer,localdbShimmer,apq3Shimmer,apq5Shimmer,apq11Shimmer,ddaShimmer
0,yaar_221_ban-gambling_pro_opening,yaar,122.1992102769724,34.537862748830115,7.880394411735329,0.03194658433930646,0.0002624400925081909,0.015787521332417034,0.018592086065012423,0.0473625639972511,0.16649283661636066,1.4991031498482958,0.07515248263709848,0.10953637839208573,0.1786734655419075,0.22545744791129543
