,filename,speaker,meanF0,stdevF0,hnr,localJitter,localabsoluteJitter,rapJitter,ppq5Jitter,ddpJitter,localShimmer,localdbShimmer,apq3Shimmer,apq5Shimmer,apq11Shimmer,ddaShimmer
0,yaar_1161_cosmetic-surgery_con_opening_daniel,yaar,141.67505529494042,67.82895816121004,7.44989818737559,0.033010780458568284,0.00023957100329287972,0.014724502051978084,0.017197729957050795,0.04417350615593425,0.15900723751003218,1.4111256741567788,0.07537563632268524,0.11007562497700615,0.1644271872017666,0.2261269089680557
