,filename,speaker,meanF0,stdevF0,hnr,localJitter,localabsoluteJitter,rapJitter,ppq5Jitter,ddpJitter,localShimmer,localdbShimmer,apq3Shimmer,apq5Shimmer,apq11Shimmer,ddaShimmer
0,yaar_1250_transfat_pro_opening,yaar,127.3526638985389,40.18959104204372,8.38598244352411,0.030620321230853006,0.00024194923101923985,0.013257514412113305,0.015528178266480204,0.03977254323633991,0.13366097796401663,1.2388861384578118,0.058511040972671284,0.08159144715263308,0.1325534695938651,0.17553312291801385
