,filename,speaker,meanF0,stdevF0,hnr,localJitter,localabsoluteJitter,rapJitter,ppq5Jitter,ddpJitter,localShimmer,localdbShimmer,apq3Shimmer,apq5Shimmer,apq11Shimmer,ddaShimmer
0,yaar_1250_transfat_con_opening_daniel,yaar,122.33099028828732,31.20736348466782,11.250860447374306,0.030914596339596045,0.0002539001360338796,0.013717559381035095,0.014459957361511944,0.04115267814310528,0.13081279640986287,1.2164419336393555,0.0585283203128945,0.07766565286879559,0.12124004551737864,0.17558496093868348
