,filename,speaker,meanF0,stdevF0,hnr,localJitter,localabsoluteJitter,rapJitter,ppq5Jitter,ddpJitter,localShimmer,localdbShimmer,apq3Shimmer,apq5Shimmer,apq11Shimmer,ddaShimmer
0,yaar_1103_anti-social_con_opening_tim,yaar,125.67284781657914,47.53892872683349,7.897619451109078,0.02690678563197335,0.00021671505241425995,0.01183153101427533,0.013753172319179864,0.03549459304282599,0.13891919045053733,1.2672204160129399,0.06256603842377743,0.08553138357669321,0.1312255167025605,0.1876981152713323
