,filename,speaker,meanF0,stdevF0,hnr,localJitter,localabsoluteJitter,rapJitter,ppq5Jitter,ddpJitter,localShimmer,localdbShimmer,apq3Shimmer,apq5Shimmer,apq11Shimmer,ddaShimmer
0,yaar_1902_ivory-trade_pro_opening,yaar,115.08905075504127,27.54467912087614,12.195545234282601,0.03410387909972705,0.00029690457846480065,0.014769274216626896,0.01659237718838631,0.04430782264988069,0.1169613570582425,1.1008575920838615,0.04684206588419847,0.0676229256158926,0.11560508167401037,0.14052619765259539
