,filename,speaker,meanF0,stdevF0,hnr,localJitter,localabsoluteJitter,rapJitter,ppq5Jitter,ddpJitter,localShimmer,localdbShimmer,apq3Shimmer,apq5Shimmer,apq11Shimmer,ddaShimmer
0,yaar_3180_goal-line_pro_opening,yaar,120.24677734662762,51.791830623664744,10.005908688855383,0.03265861076454165,0.00027667315917997406,0.014802652722314838,0.014809205671592602,0.04440795816694451,0.14428316090198512,1.3068643115843448,0.071823290539754,0.08231200050436309,0.11608117760523905,0.215469871619262
