,filename,speaker,meanF0,stdevF0,hnr,localJitter,localabsoluteJitter,rapJitter,ppq5Jitter,ddpJitter,localShimmer,localdbShimmer,apq3Shimmer,apq5Shimmer,apq11Shimmer,ddaShimmer
0,yaar_2559_nato_pro_opening,yaar,125.09331214377069,46.293626895610174,10.301705378129077,0.028893663669242713,0.000234576700945348,0.012972222950996159,0.01352060477331571,0.03891666885298847,0.14431222189199372,1.307219523516033,0.06788140054050418,0.08574371392845606,0.1363175294568011,0.20364420162151253
