,filename,speaker,meanF0,stdevF0,hnr,localJitter,localabsoluteJitter,rapJitter,ppq5Jitter,ddpJitter,localShimmer,localdbShimmer,apq3Shimmer,apq5Shimmer,apq11Shimmer,ddaShimmer
0,yaar_994_hydroelectric-dams_pro_opening,yaar,109.19526082462411,25.952570975443226,12.0532654448983,0.03265465886061064,0.00029987635407927607,0.013546202633675309,0.01535803469593281,0.04063860790102593,0.12394621328387614,1.1432855289165444,0.049693460540551904,0.07222852951220185,0.12403754955643127,0.1490803816216557
