,filename,speaker,meanF0,stdevF0,hnr,localJitter,localabsoluteJitter,rapJitter,ppq5Jitter,ddpJitter,localShimmer,localdbShimmer,apq3Shimmer,apq5Shimmer,apq11Shimmer,ddaShimmer
0,yaar_926_asean_pro_opening,yaar,115.45148763065066,28.190637010910805,12.287457899672637,0.0270239697237982,0.00023476703054693278,0.011223108704446948,0.012199785857467758,0.03366932611334084,0.10658283260690948,1.0235920642084853,0.04110148226897705,0.05739970508980409,0.10070260390495318,0.12330444680693115
