,filename,speaker,meanF0,stdevF0,hnr,localJitter,localabsoluteJitter,rapJitter,ppq5Jitter,ddpJitter,localShimmer,localdbShimmer,apq3Shimmer,apq5Shimmer,apq11Shimmer,ddaShimmer
0,yaar_3168_year-round-school_con_opening_tim,yaar,127.4534771657629,43.95080165615843,10.1845703443679,0.0284459771370533,0.0002248366325673855,0.012269101579412111,0.013968211415033956,0.03680730473823633,0.1364412821512226,1.2492340205059966,0.05907998624444608,0.08488551232701622,0.1355402808902171,0.17723995873333825
