,filename,speaker,meanF0,stdevF0,hnr,localJitter,localabsoluteJitter,rapJitter,ppq5Jitter,ddpJitter,localShimmer,localdbShimmer,apq3Shimmer,apq5Shimmer,apq11Shimmer,ddaShimmer
0,yaar_381_monarchy_pro_opening,yaar,127.60114690111189,39.02214732136958,7.551982575521265,0.027699322673205958,0.00021799973472133526,0.012422841551459562,0.01430236427549136,0.03726852465437869,0.1483157077430093,1.341737278338649,0.06752887654188434,0.09449901542683833,0.15310385649285477,0.20258662962565305
