,filename,speaker,meanF0,stdevF0,hnr,localJitter,localabsoluteJitter,rapJitter,ppq5Jitter,ddpJitter,localShimmer,localdbShimmer,apq3Shimmer,apq5Shimmer,apq11Shimmer,ddaShimmer
0,yaar_1661_school-uniforms_con_opening_daniel,yaar,143.24144508212407,85.82657742004682,8.853408104206943,0.033737095986093917,0.00024503963053646805,0.01637701006038442,0.015748733963798188,0.049131030181153265,0.17310787117877316,1.525334012582398,0.09168093567682202,0.10302333517893887,0.14208566301621253,0.2750428070304661
