,filename,speaker,meanF0,stdevF0,hnr,localJitter,localabsoluteJitter,rapJitter,ppq5Jitter,ddpJitter,localShimmer,localdbShimmer,apq3Shimmer,apq5Shimmer,apq11Shimmer,ddaShimmer
0,yaar_2502_drinking-age_con_opening_daniel,yaar,127.58435506413575,41.17695676381305,8.900281756759908,0.025436189751925728,0.0002012758730597525,0.01153862162901597,0.013264170907365641,0.03461586488704791,0.13013718884983094,1.199854788412593,0.05688333947661041,0.07986322705326238,0.13143410108223347,0.17065001842983124
