,filename,speaker,meanF0,stdevF0,hnr,localJitter,localabsoluteJitter,rapJitter,ppq5Jitter,ddpJitter,localShimmer,localdbShimmer,apq3Shimmer,apq5Shimmer,apq11Shimmer,ddaShimmer
0,yaar_1961_sex-education_pro_opening,yaar,113.92527838516264,42.691875460426424,9.875433742896014,0.031006596176234708,0.0002753613734289946,0.013422600332129052,0.015011687895603117,0.04026780099638715,0.12664732959045258,1.1791178429931166,0.053283370637222785,0.07388466628707732,0.12018350543400166,0.15985011191166837
