,filename,speaker,meanF0,stdevF0,hnr,localJitter,localabsoluteJitter,rapJitter,ppq5Jitter,ddpJitter,localShimmer,localdbShimmer,apq3Shimmer,apq5Shimmer,apq11Shimmer,ddaShimmer
0,yaar_1322_beauty-pageants_con_opening_eitan,yaar,133.85359322694742,66.24886606583424,9.563426750658095,0.031185374343494006,0.0002392746407605499,0.01371527084821714,0.014927957046472113,0.041145812544651425,0.14443516561424607,1.3165188412150886,0.06544639586018083,0.09227193401703998,0.14657696234691725,0.1963391875805425
