,filename,speaker,meanF0,stdevF0,hnr,localJitter,localabsoluteJitter,rapJitter,ppq5Jitter,ddpJitter,localShimmer,localdbShimmer,apq3Shimmer,apq5Shimmer,apq11Shimmer,ddaShimmer
0,yaar_3163_asylum_con_opening_james,yaar,122.62108382041897,40.485150607813196,8.543044042408345,0.03200291024341773,0.00026226554297323096,0.015744520989428194,0.018409184577735774,0.047233562968284584,0.1573874135589858,1.4256704683597385,0.0708088264713073,0.10188120318878288,0.15891657727664493,0.2124264794139219
