,filename,speaker,meanF0,stdevF0,hnr,localJitter,localabsoluteJitter,rapJitter,ppq5Jitter,ddpJitter,localShimmer,localdbShimmer,apq3Shimmer,apq5Shimmer,apq11Shimmer,ddaShimmer
0,yaar_1243_three-strikes_pro_opening,yaar,132.51619420218717,40.58612180419487,8.46645507998129,0.026717731505450888,0.0002027426591058644,0.01154138307049197,0.01351836315715629,0.03462414921147591,0.13652289155212916,1.2443515347519238,0.05969252686928731,0.08248975725643332,0.13001254646622723,0.17907758060786194
