,filename,speaker,meanF0,stdevF0,hnr,localJitter,localabsoluteJitter,rapJitter,ppq5Jitter,ddpJitter,localShimmer,localdbShimmer,apq3Shimmer,apq5Shimmer,apq11Shimmer,ddaShimmer
0,yaar_1264_human-cloning_con_opening_tim,yaar,112.28949865561499,26.54393538436532,12.966895791145067,0.030808405152152378,0.0002751831108134585,0.012761488832265348,0.013658057282510594,0.038284466496796045,0.12027637479547378,1.1338149075477526,0.04939885752187,0.06848666214561665,0.11347729687213977,0.14819657256561
