speaker,number_ of_syllables,number_of_pauses,rate_of_speech,articulation_rate,speaking_duration,original_duration,balance,f0_mean,f0_std,f0_median,f0_min,f0_max,f0_quantile25,f0_quan75,pausepersecond,gender
daniel,914.9,77.35,4.0,5.0,186.315,229.825,0.805,129.1545,36.628,118.61,75.6,395.0,104.65,143.25,0.33861605815,M
eitan,794.0,127.5,3.0,5.0,166.15,247.2,0.7,139.64,42.845,127.75,79.5,399.5,110.5,158.5,0.5159826965000001,M
hayah,986.0,90.0,4.0,5.0,194.95,247.2,0.8,178.04500000000002,54.85,176.05,68.5,417.25,140.25,208.25,0.3639550917499999,F
james,1023.2857142857144,38.46938775510204,4.183673469387755,4.489795918367347,228.25510204081635,250.7061224489796,0.9142857142857144,139.37163265306123,31.776530612244898,131.5612244897959,75.53061224489795,392.0408163265306,120.63265306122447,147.9591836734694,0.1540423365918367,M
rachel,1076.7391304347825,73.82608695652173,4.260869565217392,5.086956521739131,208.27391304347827,250.2173913043478,0.8304347826086957,237.09565217391304,56.66173913043478,229.2695652173913,74.21739130434783,421.9130434782609,202.30434782608697,269.2173913043478,0.2952914601304348,F
sam,1041.75,35.5,4.0,4.5,230.575,255.15,0.9,126.2675,43.51,117.15,77.0,400.5,104.75,133.0,0.13891822375,M
tim,978.8,71.73333333333333,4.0,5.0,206.5233333333333,240.04333333333332,0.8666666666666667,163.02233333333334,44.20466666666667,149.93666666666667,73.83333333333333,404.23333333333335,132.73333333333332,182.33333333333331,0.2992111841333333,M
will,955.675,99.15,3.825,4.975,196.0525,252.0325,0.7775000000000001,136.196,39.1825,125.8575,76.9,402.5,111.275,149.475,0.394381456525,M
yaar,1043.65,59.15,4.1,4.75,223.095,254.695,0.8800000000000001,121.5495,32.5765,112.525,73.6,398.35,100.95,132.9,0.23332644445,M
