,feature,pvalue,statistic,debates_mean,ted_mean,debates_std,ted_std
0,compound,0.24711756424050238,1.2435598945267583,0.08620690825845506,0.1027709980989894,0.037180649645245076,0.1027709980989894
1,neg,6.036363515883366e-05,-7.441213196704221,0.07972707551141729,0.04447274668381945,0.013276692664541347,0.04447274668381945
2,neu,3.334566512213419e-05,8.108747185175377,0.8057449150608872,0.8683972111155598,0.021691182265446435,0.8683972111155598
3,pos,0.0003944920808274472,-5.7017791641393964,0.11452981854678061,0.0871294605385593,0.013463703427080802,0.0871294605385593
